#datumDate,datumId, datumValue 
2024-03-05,CC_BASIS_SWAP/BASIS_SPREAD/USD/1D/EUR/1D/10Y,-0.0018
2024-03-05,CC_BASIS_SWAP/BASIS_SPREAD/USD/1D/EUR/1D/12Y,-0.0018
2024-03-05,CC_BASIS_SWAP/BASIS_SPREAD/USD/1D/EUR/1D/15Y,-0.0019
2024-03-05,CC_BASIS_SWAP/BASIS_SPREAD/USD/1D/EUR/1D/20Y,-0.0018
2024-03-05,CC_BASIS_SWAP/BASIS_SPREAD/USD/1D/EUR/1D/25Y,-0.0014
2024-03-05,CC_BASIS_SWAP/BASIS_SPREAD/USD/1D/EUR/1D/2Y,-0.0012
2024-03-05,CC_BASIS_SWAP/BASIS_SPREAD/USD/1D/EUR/1D/30Y,-0.0011
2024-03-05,CC_BASIS_SWAP/BASIS_SPREAD/USD/1D/EUR/1D/3Y,-0.0013
2024-03-05,CC_BASIS_SWAP/BASIS_SPREAD/USD/1D/EUR/1D/40Y,-0.0006
2024-03-05,CC_BASIS_SWAP/BASIS_SPREAD/USD/1D/EUR/1D/4Y,-0.0014
2024-03-05,CC_BASIS_SWAP/BASIS_SPREAD/USD/1D/EUR/1D/50Y,-0.0001
2024-03-05,CC_BASIS_SWAP/BASIS_SPREAD/USD/1D/EUR/1D/5Y,-0.0015
2024-03-05,CC_BASIS_SWAP/BASIS_SPREAD/USD/1D/EUR/1D/6Y,-0.0015
2024-03-05,CC_BASIS_SWAP/BASIS_SPREAD/USD/1D/EUR/1D/7Y,-0.0016
2024-03-05,CC_BASIS_SWAP/BASIS_SPREAD/USD/1D/EUR/1D/8Y,-0.0017
2024-03-05,CC_BASIS_SWAP/BASIS_SPREAD/USD/1D/EUR/1D/9Y,-0.0017
2024-03-05,FX/RATE/EUR/USD,1.08
2024-03-05,FXFWD/RATE/EUR/USD/10M,147.32
2024-03-05,FXFWD/RATE/EUR/USD/11M,162.45
2024-03-05,FXFWD/RATE/EUR/USD/15M,222.64
2024-03-05,FXFWD/RATE/EUR/USD/18M,265.55
2024-03-05,FXFWD/RATE/EUR/USD/1M,14.05
2024-03-05,FXFWD/RATE/EUR/USD/1W,2.94
2024-03-05,FXFWD/RATE/EUR/USD/1Y,176.2
2024-03-05,FXFWD/RATE/EUR/USD/21M,308.54
2024-03-05,FXFWD/RATE/EUR/USD/2M,27.01
2024-03-05,FXFWD/RATE/EUR/USD/2W,5.89
2024-03-05,FXFWD/RATE/EUR/USD/3M,40.74
2024-03-05,FXFWD/RATE/EUR/USD/3W,8.86
2024-03-05,FXFWD/RATE/EUR/USD/4M,55.18
2024-03-05,FXFWD/RATE/EUR/USD/5M,69.2
2024-03-05,FXFWD/RATE/EUR/USD/6M,84.4
2024-03-05,FXFWD/RATE/EUR/USD/7M,98.35
2024-03-05,FXFWD/RATE/EUR/USD/8M,113.45
2024-03-05,FXFWD/RATE/EUR/USD/9M,129.05
2024-03-05,FXFWD/RATE/EUR/USD/ON,0.43
2024-03-05,FXFWD/RATE/EUR/USD/SN,0.42
2024-03-05,FXFWD/RATE/EUR/USD/TN,0.42
2024-03-05,IR_SWAP/RATE/EUR/ESTER/2D/1D/10M,0.036
2024-03-05,IR_SWAP/RATE/EUR/ESTER/2D/1D/10Y,0.025
2024-03-05,IR_SWAP/RATE/EUR/ESTER/2D/1D/11M,0.035
2024-03-05,IR_SWAP/RATE/EUR/ESTER/2D/1D/11Y,0.025
2024-03-05,IR_SWAP/RATE/EUR/ESTER/2D/1D/12Y,0.025
2024-03-05,IR_SWAP/RATE/EUR/ESTER/2D/1D/15M,0.033
2024-03-05,IR_SWAP/RATE/EUR/ESTER/2D/1D/15Y,0.026
2024-03-05,IR_SWAP/RATE/EUR/ESTER/2D/1D/18M,0.032
2024-03-05,IR_SWAP/RATE/EUR/ESTER/2D/1D/1M,0.039
2024-03-05,IR_SWAP/RATE/EUR/ESTER/2D/1D/1W,0.039
2024-03-05,IR_SWAP/RATE/EUR/ESTER/2D/1D/1Y,0.035
2024-03-05,IR_SWAP/RATE/EUR/ESTER/2D/1D/20Y,0.025
2024-03-05,IR_SWAP/RATE/EUR/ESTER/2D/1D/21M,0.031
2024-03-05,IR_SWAP/RATE/EUR/ESTER/2D/1D/25Y,0.025
2024-03-05,IR_SWAP/RATE/EUR/ESTER/2D/1D/2M,0.039
2024-03-05,IR_SWAP/RATE/EUR/ESTER/2D/1D/2W,0.039
2024-03-05,IR_SWAP/RATE/EUR/ESTER/2D/1D/2Y,0.03
2024-03-05,IR_SWAP/RATE/EUR/ESTER/2D/1D/30Y,0.024
2024-03-05,IR_SWAP/RATE/EUR/ESTER/2D/1D/3M,0.039
2024-03-05,IR_SWAP/RATE/EUR/ESTER/2D/1D/3W,0.039
2024-03-05,IR_SWAP/RATE/EUR/ESTER/2D/1D/3Y,0.027
2024-03-05,IR_SWAP/RATE/EUR/ESTER/2D/1D/40Y,0.022
2024-03-05,IR_SWAP/RATE/EUR/ESTER/2D/1D/4M,0.039
2024-03-05,IR_SWAP/RATE/EUR/ESTER/2D/1D/4Y,0.026
2024-03-05,IR_SWAP/RATE/EUR/ESTER/2D/1D/50Y,0.021
2024-03-05,IR_SWAP/RATE/EUR/ESTER/2D/1D/5M,0.038
2024-03-05,IR_SWAP/RATE/EUR/ESTER/2D/1D/5Y,0.025
2024-03-05,IR_SWAP/RATE/EUR/ESTER/2D/1D/60Y,0.022
2024-03-05,IR_SWAP/RATE/EUR/ESTER/2D/1D/6M,0.038
2024-03-05,IR_SWAP/RATE/EUR/ESTER/2D/1D/6Y,0.025
2024-03-05,IR_SWAP/RATE/EUR/ESTER/2D/1D/7M,0.038
2024-03-05,IR_SWAP/RATE/EUR/ESTER/2D/1D/7Y,0.025
2024-03-05,IR_SWAP/RATE/EUR/ESTER/2D/1D/8M,0.037
2024-03-05,IR_SWAP/RATE/EUR/ESTER/2D/1D/8Y,0.025
2024-03-05,IR_SWAP/RATE/EUR/ESTER/2D/1D/9M,0.036
2024-03-05,IR_SWAP/RATE/EUR/ESTER/2D/1D/9Y,0.025
2024-03-05,IR_SWAP/RATE/USD/2D/1D/1M,0.053
2024-03-05,IR_SWAP/RATE/USD/2D/1D/2M,0.053
2024-03-05,IR_SWAP/RATE/USD/2D/1D/2W,0.053
2024-03-05,IR_SWAP/RATE/USD/2D/1D/3M,0.053
2024-03-05,IR_SWAP/RATE/USD/2D/1D/4M,0.053
2024-03-05,IR_SWAP/RATE/USD/2D/1D/5M,0.053
2024-03-05,IR_SWAP/RATE/USD/SOFR/0D/1D/10Y,0.038
2024-03-05,IR_SWAP/RATE/USD/SOFR/0D/1D/12Y,0.038
2024-03-05,IR_SWAP/RATE/USD/SOFR/0D/1D/15Y,0.038
2024-03-05,IR_SWAP/RATE/USD/SOFR/0D/1D/20Y,0.038
2024-03-05,IR_SWAP/RATE/USD/SOFR/0D/1D/25Y,0.037
2024-03-05,IR_SWAP/RATE/USD/SOFR/0D/1D/2Y,0.045
2024-03-05,IR_SWAP/RATE/USD/SOFR/0D/1D/30Y,0.036
2024-03-05,IR_SWAP/RATE/USD/SOFR/0D/1D/3Y,0.042
2024-03-05,IR_SWAP/RATE/USD/SOFR/0D/1D/40Y,0.034
2024-03-05,IR_SWAP/RATE/USD/SOFR/0D/1D/4Y,0.04
2024-03-05,IR_SWAP/RATE/USD/SOFR/0D/1D/50Y,0.032
2024-03-05,IR_SWAP/RATE/USD/SOFR/0D/1D/5Y,0.039
2024-03-05,IR_SWAP/RATE/USD/SOFR/0D/1D/6Y,0.039
2024-03-05,IR_SWAP/RATE/USD/SOFR/0D/1D/7Y,0.038
2024-03-05,IR_SWAP/RATE/USD/SOFR/0D/1D/8Y,0.038
2024-03-05,IR_SWAP/RATE/USD/SOFR/0D/1D/9Y,0.038
2024-03-05,MM/RATE/EUR/ESTER/0D/1D,0.039
2024-03-05,MM/RATE/USD/0D/1D,0.054
2024-03-05,MM/RATE/USD/SOFR/0D/1D,0.053
2024-03-05,OI_FUTURE/PRICE/USD/2024-04/XCME:SRA/3M,95.23
2024-03-05,OI_FUTURE/PRICE/USD/2024-05/XCME:SRA/3M,93.86
2024-03-05,OI_FUTURE/PRICE/USD/2024-06/XCME:SRA/3M,95.33
2024-03-05,OI_FUTURE/PRICE/USD/2024-07/XCME:SRA/3M,93.94
2024-03-05,OI_FUTURE/PRICE/USD/2024-08/XCME:SRA/3M,94.56
2024-03-05,OI_FUTURE/PRICE/USD/2024-09/XCME:SRA/3M,95.6
2024-03-05,OI_FUTURE/PRICE/USD/2024-10/XCME:SRA/3M,94.58
2024-03-05,OI_FUTURE/PRICE/USD/2024-11/XCME:SRA/3M,94.28
2024-03-05,OI_FUTURE/PRICE/USD/2024-12/XCME:SRA/3M,94.65
2024-03-05,OI_FUTURE/PRICE/USD/2025-03/XCME:SRA/3M,96.5
2024-03-05,OI_FUTURE/PRICE/USD/2025-06/XCME:SRA/3M,95.02
2024-03-05,OI_FUTURE/PRICE/USD/2025-09/XCME:SRA/3M,96.6
2024-03-05,CDS/CREDIT_SPREAD/Underlying1/SNRFOR/USD/10Y,0.03
2024-03-05,CDS/CREDIT_SPREAD/Underlying1/SNRFOR/USD/3Y,0.008
2024-03-05,CDS/CREDIT_SPREAD/Underlying1/SNRFOR/USD/5Y,0.017
2024-03-05,CDS/CREDIT_SPREAD/Underlying1/SNRFOR/USD/7Y,0.022
2024-03-05,RECOVERY_RATE/RATE/Underlying1/SNRFOR/USD,0.4
2024-03-05,CAPFLOOR/RATE_NVOL/EUR/1Y/6M/0/0/-0.01,0.019
2024-03-05,CAPFLOOR/RATE_NVOL/EUR/1Y/6M/0/0/0,0.017
2024-03-05,CAPFLOOR/RATE_NVOL/EUR/1Y/6M/0/0/0.01,0.014
2024-03-05,CAPFLOOR/RATE_NVOL/EUR/1Y/6M/0/0/0.02,0.011
2024-03-05,CAPFLOOR/RATE_NVOL/EUR/1Y/6M/0/0/0.03,0.009
2024-03-05,CAPFLOOR/RATE_NVOL/EUR/1Y/6M/0/0/0.04,0.008
2024-03-05,CAPFLOOR/RATE_NVOL/EUR/1Y/6M/0/0/0.05,0.01
2024-03-05,CAPFLOOR/RATE_NVOL/EUR/1Y/6M/0/0/0.06,0.012
2024-03-05,CAPFLOOR/RATE_NVOL/EUR/1Y/6M/0/0/0.07,0.015
2024-03-05,CAPFLOOR/RATE_NVOL/EUR/1Y/6M/0/0/0.1,0.022
2024-03-05,CAPFLOOR/RATE_NVOL/EUR/2Y/6M/0/0/-0.01,0.015
2024-03-05,CAPFLOOR/RATE_NVOL/EUR/2Y/6M/0/0/0,0.013
2024-03-05,CAPFLOOR/RATE_NVOL/EUR/2Y/6M/0/0/0.01,0.012
2024-03-05,CAPFLOOR/RATE_NVOL/EUR/2Y/6M/0/0/0.02,0.011
2024-03-05,CAPFLOOR/RATE_NVOL/EUR/2Y/6M/0/0/0.03,0.01
2024-03-05,CAPFLOOR/RATE_NVOL/EUR/2Y/6M/0/0/0.04,0.01
2024-03-05,CAPFLOOR/RATE_NVOL/EUR/2Y/6M/0/0/0.05,0.012
2024-03-05,CAPFLOOR/RATE_NVOL/EUR/2Y/6M/0/0/0.06,0.014
2024-03-05,CAPFLOOR/RATE_NVOL/EUR/2Y/6M/0/0/0.07,0.016
2024-03-05,CAPFLOOR/RATE_NVOL/EUR/2Y/6M/0/0/0.1,0.022
2024-03-05,CAPFLOOR/RATE_NVOL/EUR/3Y/6M/0/0/-0.01,0.012
2024-03-05,CAPFLOOR/RATE_NVOL/EUR/3Y/6M/0/0/0,0.012
2024-03-05,CAPFLOOR/RATE_NVOL/EUR/3Y/6M/0/0/0.01,0.011
2024-03-05,CAPFLOOR/RATE_NVOL/EUR/3Y/6M/0/0/0.02,0.011
2024-03-05,CAPFLOOR/RATE_NVOL/EUR/3Y/6M/0/0/0.03,0.01
2024-03-05,CAPFLOOR/RATE_NVOL/EUR/3Y/6M/0/0/0.04,0.011
2024-03-05,CAPFLOOR/RATE_NVOL/EUR/3Y/6M/0/0/0.05,0.013
2024-03-05,CAPFLOOR/RATE_NVOL/EUR/3Y/6M/0/0/0.06,0.014
2024-03-05,CAPFLOOR/RATE_NVOL/EUR/3Y/6M/0/0/0.07,0.016
2024-03-05,CAPFLOOR/RATE_NVOL/EUR/3Y/6M/0/0/0.1,0.02
2024-03-05,CAPFLOOR/RATE_NVOL/EUR/4Y/6M/0/0/-0.01,0.011
2024-03-05,CAPFLOOR/RATE_NVOL/EUR/4Y/6M/0/0/0,0.011
2024-03-05,CAPFLOOR/RATE_NVOL/EUR/4Y/6M/0/0/0.01,0.01
2024-03-05,CAPFLOOR/RATE_NVOL/EUR/4Y/6M/0/0/0.02,0.01
2024-03-05,CAPFLOOR/RATE_NVOL/EUR/4Y/6M/0/0/0.03,0.01
2024-03-05,CAPFLOOR/RATE_NVOL/EUR/4Y/6M/0/0/0.04,0.011
2024-03-05,CAPFLOOR/RATE_NVOL/EUR/4Y/6M/0/0/0.05,0.013
2024-03-05,CAPFLOOR/RATE_NVOL/EUR/4Y/6M/0/0/0.06,0.014
2024-03-05,CAPFLOOR/RATE_NVOL/EUR/4Y/6M/0/0/0.07,0.015
2024-03-05,CAPFLOOR/RATE_NVOL/EUR/4Y/6M/0/0/0.1,0.02
2024-03-05,CAPFLOOR/RATE_NVOL/EUR/5Y/6M/0/0/-0.01,0.011
2024-03-05,CAPFLOOR/RATE_NVOL/EUR/5Y/6M/0/0/0,0.01
2024-03-05,CAPFLOOR/RATE_NVOL/EUR/5Y/6M/0/0/0.01,0.01
2024-03-05,CAPFLOOR/RATE_NVOL/EUR/5Y/6M/0/0/0.02,0.01
2024-03-05,CAPFLOOR/RATE_NVOL/EUR/5Y/6M/0/0/0.03,0.01
2024-03-05,CAPFLOOR/RATE_NVOL/EUR/5Y/6M/0/0/0.04,0.011
2024-03-05,CAPFLOOR/RATE_NVOL/EUR/5Y/6M/0/0/0.05,0.012
2024-03-05,CAPFLOOR/RATE_NVOL/EUR/5Y/6M/0/0/0.06,0.014
2024-03-05,CAPFLOOR/RATE_NVOL/EUR/5Y/6M/0/0/0.07,0.015
2024-03-05,CAPFLOOR/RATE_NVOL/EUR/5Y/6M/0/0/0.1,0.019
2024-03-05,CAPFLOOR/RATE_NVOL/EUR/6Y/6M/0/0/-0.01,0.011
2024-03-05,CAPFLOOR/RATE_NVOL/EUR/6Y/6M/0/0/0,0.01
2024-03-05,CAPFLOOR/RATE_NVOL/EUR/6Y/6M/0/0/0.01,0.01
2024-03-05,CAPFLOOR/RATE_NVOL/EUR/6Y/6M/0/0/0.02,0.01
2024-03-05,CAPFLOOR/RATE_NVOL/EUR/6Y/6M/0/0/0.03,0.01
2024-03-05,CAPFLOOR/RATE_NVOL/EUR/6Y/6M/0/0/0.04,0.011
2024-03-05,CAPFLOOR/RATE_NVOL/EUR/6Y/6M/0/0/0.05,0.012
2024-03-05,CAPFLOOR/RATE_NVOL/EUR/6Y/6M/0/0/0.06,0.014
2024-03-05,CAPFLOOR/RATE_NVOL/EUR/6Y/6M/0/0/0.07,0.015
2024-03-05,CAPFLOOR/RATE_NVOL/EUR/6Y/6M/0/0/0.1,0.019
2024-03-05,CAPFLOOR/RATE_NVOL/EUR/7Y/6M/0/0/-0.01,0.01
2024-03-05,CAPFLOOR/RATE_NVOL/EUR/7Y/6M/0/0/0,0.01
2024-03-05,CAPFLOOR/RATE_NVOL/EUR/7Y/6M/0/0/0.01,0.01
2024-03-05,CAPFLOOR/RATE_NVOL/EUR/7Y/6M/0/0/0.02,0.01
2024-03-05,CAPFLOOR/RATE_NVOL/EUR/7Y/6M/0/0/0.03,0.01
2024-03-05,CAPFLOOR/RATE_NVOL/EUR/7Y/6M/0/0/0.04,0.011
2024-03-05,CAPFLOOR/RATE_NVOL/EUR/7Y/6M/0/0/0.05,0.012
2024-03-05,CAPFLOOR/RATE_NVOL/EUR/7Y/6M/0/0/0.06,0.013
2024-03-05,CAPFLOOR/RATE_NVOL/EUR/7Y/6M/0/0/0.07,0.015
2024-03-05,CAPFLOOR/RATE_NVOL/EUR/7Y/6M/0/0/0.1,0.019
2024-03-05,CAPFLOOR/RATE_NVOL/EUR/8Y/6M/0/0/-0.01,0.01
2024-03-05,CAPFLOOR/RATE_NVOL/EUR/8Y/6M/0/0/0,0.01
2024-03-05,CAPFLOOR/RATE_NVOL/EUR/8Y/6M/0/0/0.01,0.01
2024-03-05,CAPFLOOR/RATE_NVOL/EUR/8Y/6M/0/0/0.02,0.01
2024-03-05,CAPFLOOR/RATE_NVOL/EUR/8Y/6M/0/0/0.03,0.01
2024-03-05,CAPFLOOR/RATE_NVOL/EUR/8Y/6M/0/0/0.04,0.011
2024-03-05,CAPFLOOR/RATE_NVOL/EUR/8Y/6M/0/0/0.05,0.012
2024-03-05,CAPFLOOR/RATE_NVOL/EUR/8Y/6M/0/0/0.06,0.013
2024-03-05,CAPFLOOR/RATE_NVOL/EUR/8Y/6M/0/0/0.07,0.014
2024-03-05,CAPFLOOR/RATE_NVOL/EUR/8Y/6M/0/0/0.1,0.019
2024-03-05,CAPFLOOR/RATE_NVOL/EUR/9Y/6M/0/0/-0.01,0.01
2024-03-05,CAPFLOOR/RATE_NVOL/EUR/9Y/6M/0/0/0,0.009
2024-03-05,CAPFLOOR/RATE_NVOL/EUR/9Y/6M/0/0/0.01,0.009
2024-03-05,CAPFLOOR/RATE_NVOL/EUR/9Y/6M/0/0/0.02,0.009
2024-03-05,CAPFLOOR/RATE_NVOL/EUR/9Y/6M/0/0/0.03,0.01
2024-03-05,CAPFLOOR/RATE_NVOL/EUR/9Y/6M/0/0/0.04,0.011
2024-03-05,CAPFLOOR/RATE_NVOL/EUR/9Y/6M/0/0/0.05,0.012
2024-03-05,CAPFLOOR/RATE_NVOL/EUR/9Y/6M/0/0/0.06,0.013
2024-03-05,CAPFLOOR/RATE_NVOL/EUR/9Y/6M/0/0/0.07,0.014
2024-03-05,CAPFLOOR/RATE_NVOL/EUR/9Y/6M/0/0/0.1,0.018
2024-03-05,MM/RATE/EUR/2D/6M,0.039
2024-03-05,FRA/RATE/EUR/12M/6M,0.028
2024-03-05,FRA/RATE/EUR/1M/6M,0.039
2024-03-05,FRA/RATE/EUR/2M/6M,0.037
2024-03-05,FRA/RATE/EUR/3M/6M,0.036
2024-03-05,FRA/RATE/EUR/4M/6M,0.035
2024-03-05,FRA/RATE/EUR/5M/6M,0.034
2024-03-05,FRA/RATE/EUR/6M/6M,0.033
2024-03-05,FRA/RATE/EUR/9M/6M,0.03
2024-03-05,BASIS_SWAP/BASIS_SPREAD/3M/6M/EUR/10Y,0.0002
2024-03-05,BASIS_SWAP/BASIS_SPREAD/3M/6M/EUR/12Y,0.00003
2024-03-05,BASIS_SWAP/BASIS_SPREAD/3M/6M/EUR/15Y,-0.0002
2024-03-05,BASIS_SWAP/BASIS_SPREAD/3M/6M/EUR/20Y,-0.0005
2024-03-05,BASIS_SWAP/BASIS_SPREAD/3M/6M/EUR/25Y,-0.00062
2024-03-05,BASIS_SWAP/BASIS_SPREAD/3M/6M/EUR/2Y,0.00085
2024-03-05,BASIS_SWAP/BASIS_SPREAD/3M/6M/EUR/30Y,-0.0007
2024-03-05,BASIS_SWAP/BASIS_SPREAD/3M/6M/EUR/3Y,0.00079
2024-03-05,BASIS_SWAP/BASIS_SPREAD/3M/6M/EUR/40Y,-0.0009
2024-03-05,BASIS_SWAP/BASIS_SPREAD/3M/6M/EUR/4Y,0.00072
2024-03-05,BASIS_SWAP/BASIS_SPREAD/3M/6M/EUR/50Y,-0.00105
2024-03-05,BASIS_SWAP/BASIS_SPREAD/3M/6M/EUR/5Y,0.00064
2024-03-05,BASIS_SWAP/BASIS_SPREAD/3M/6M/EUR/60Y,-0.00108
2024-03-05,BASIS_SWAP/BASIS_SPREAD/3M/6M/EUR/6Y,0.00056
2024-03-05,BASIS_SWAP/BASIS_SPREAD/3M/6M/EUR/7Y,0.00048
2024-03-05,BASIS_SWAP/BASIS_SPREAD/3M/6M/EUR/8Y,0.0004
2024-03-05,BASIS_SWAP/BASIS_SPREAD/3M/6M/EUR/9Y,0.0003
2024-03-05,MM/RATE/EUR/2D/3M,0.04
2024-03-05,MM_FUTURE/PRICE/EUR/2024-04/XICE:FEI/3M,95.31
2024-03-05,MM_FUTURE/PRICE/EUR/2024-05/XICE:FEI/3M,96.25
2024-03-05,MM_FUTURE/PRICE/EUR/2024-06/XICE:FEI/3M,96.29
2024-03-05,MM_FUTURE/PRICE/EUR/2024-07/XICE:FEI/3M,96.42
2024-03-05,MM_FUTURE/PRICE/EUR/2024-08/XICE:FEI/3M,97.53
2024-03-05,MM_FUTURE/PRICE/EUR/2024-09/XICE:FEI/3M,97.68
2024-03-05,MM_FUTURE/PRICE/EUR/2024-12/XICE:FEI/3M,97.3
2024-03-05,MM_FUTURE/PRICE/EUR/2025-03/XICE:FEI/3M,96.81
2024-03-05,MM_FUTURE/PRICE/EUR/2025-06/XICE:FEI/3M,98.03
2024-03-05,MM_FUTURE/PRICE/EUR/2025-09/XICE:FEI/3M,97.04
2024-03-05,OI_FUTURE/PRICE/USD/2024-04/XCME:SRA/3M,95.23
2024-03-05,OI_FUTURE/PRICE/USD/2024-05/XCME:SRA/3M,93.86
2024-03-05,OI_FUTURE/PRICE/USD/2024-06/XCME:SRA/3M,95.33
2024-03-05,OI_FUTURE/PRICE/USD/2024-07/XCME:SRA/3M,93.94
2024-03-05,OI_FUTURE/PRICE/USD/2024-08/XCME:SRA/3M,94.56
2024-03-05,OI_FUTURE/PRICE/USD/2024-09/XCME:SRA/3M,95.6
2024-03-05,OI_FUTURE/PRICE/USD/2024-10/XCME:SRA/3M,94.58
2024-03-05,OI_FUTURE/PRICE/USD/2024-11/XCME:SRA/3M,94.28
2024-03-05,OI_FUTURE/PRICE/USD/2024-12/XCME:SRA/3M,94.65
2024-03-05,OI_FUTURE/PRICE/USD/2025-03/XCME:SRA/3M,96.5
2024-03-05,OI_FUTURE/PRICE/USD/2025-06/XCME:SRA/3M,95.02
2024-03-05,OI_FUTURE/PRICE/USD/2025-09/XCME:SRA/3M,96.6
2024-03-05,IR_SWAP/RATE/EUR/2D/3M/10Y,0.03
2024-03-05,IR_SWAP/RATE/EUR/2D/3M/12Y,0.03
2024-03-05,IR_SWAP/RATE/EUR/2D/3M/15Y,0.03
2024-03-05,IR_SWAP/RATE/EUR/2D/3M/20Y,0.03
2024-03-05,IR_SWAP/RATE/EUR/2D/3M/25Y,0.03
2024-03-05,IR_SWAP/RATE/EUR/2D/3M/2Y,0.03
2024-03-05,IR_SWAP/RATE/EUR/2D/3M/30Y,0.02
2024-03-05,IR_SWAP/RATE/EUR/2D/3M/3Y,0.03
2024-03-05,IR_SWAP/RATE/EUR/2D/3M/40Y,0.02
2024-03-05,IR_SWAP/RATE/EUR/2D/3M/4Y,0.03
2024-03-05,IR_SWAP/RATE/EUR/2D/3M/50Y,0.02
2024-03-05,IR_SWAP/RATE/EUR/2D/3M/5Y,0.03
2024-03-05,IR_SWAP/RATE/EUR/2D/3M/60Y,0.02
2024-03-05,IR_SWAP/RATE/EUR/2D/3M/6Y,0.03
2024-03-05,IR_SWAP/RATE/EUR/2D/3M/7Y,0.03
2024-03-05,IR_SWAP/RATE/EUR/2D/3M/8Y,0.03
2024-03-05,IR_SWAP/RATE/EUR/2D/3M/9Y,0.03
2024-03-05,ZC_INFLATIONSWAP/RATE/EUHICPXT/10Y,0.01984317
2024-03-05,ZC_INFLATIONSWAP/RATE/EUHICPXT/12Y,0.02019488
2024-03-05,ZC_INFLATIONSWAP/RATE/EUHICPXT/15Y,0.02060033
2024-03-05,ZC_INFLATIONSWAP/RATE/EUHICPXT/1Y,0.02195007
2024-03-05,ZC_INFLATIONSWAP/RATE/EUHICPXT/20Y,0.02126171
2024-03-05,ZC_INFLATIONSWAP/RATE/EUHICPXT/25Y,0.02182012
2024-03-05,ZC_INFLATIONSWAP/RATE/EUHICPXT/2Y,0.02013430
2024-03-05,ZC_INFLATIONSWAP/RATE/EUHICPXT/30Y,0.02220907
2024-03-05,ZC_INFLATIONSWAP/RATE/EUHICPXT/35Y,0.02255919
2024-03-05,ZC_INFLATIONSWAP/RATE/EUHICPXT/3Y,0.01962276
2024-03-05,ZC_INFLATIONSWAP/RATE/EUHICPXT/40Y,0.02318439
2024-03-05,ZC_INFLATIONSWAP/RATE/EUHICPXT/45Y,0.02362066
2024-03-05,ZC_INFLATIONSWAP/RATE/EUHICPXT/4Y,0.01931579
2024-03-05,ZC_INFLATIONSWAP/RATE/EUHICPXT/50Y,0.02413343
2024-03-05,ZC_INFLATIONSWAP/RATE/EUHICPXT/5Y,0.01925836
2024-03-05,ZC_INFLATIONSWAP/RATE/EUHICPXT/6Y,0.01938726
2024-03-05,ZC_INFLATIONSWAP/RATE/EUHICPXT/7Y,0.01958277
2024-03-05,ZC_INFLATIONSWAP/RATE/EUHICPXT/8Y,0.01973091
2024-03-05,ZC_INFLATIONSWAP/RATE/EUHICPXT/9Y,0.01975486
2024-03-05,EQUITY/PRICE/RIC:.SPX/USD,6082.97246883
2024-03-05,EQUITY/PRICE/RIC:.STOXX50/EUR,4662.44403643
2024-03-05,EQUITY_FWD/PRICE/RIC:.SPX/USD/1080D,6740.01708904
2024-03-05,EQUITY_FWD/PRICE/RIC:.SPX/USD/120D,6151.32084033
2024-03-05,EQUITY_FWD/PRICE/RIC:.SPX/USD/14D,6074.30623424
2024-03-05,EQUITY_FWD/PRICE/RIC:.SPX/USD/150D,6184.86929616
2024-03-05,EQUITY_FWD/PRICE/RIC:.SPX/USD/180D,6164.48338064
2024-03-05,EQUITY_FWD/PRICE/RIC:.SPX/USD/21D,6079.22445552
2024-03-05,EQUITY_FWD/PRICE/RIC:.SPX/USD/270D,6240.23324663
2024-03-05,EQUITY_FWD/PRICE/RIC:.SPX/USD/30D,6102.98679037
2024-03-05,EQUITY_FWD/PRICE/RIC:.SPX/USD/360D,6297.66612054
2024-03-05,EQUITY_FWD/PRICE/RIC:.SPX/USD/60D,6069.86392566
2024-03-05,EQUITY_FWD/PRICE/RIC:.SPX/USD/720D,6528.14213714
2024-03-05,EQUITY_FWD/PRICE/RIC:.SPX/USD/7D,6066.03636276
2024-03-05,EQUITY_FWD/PRICE/RIC:.SPX/USD/90D,6104.36640965
2024-03-05,SEASONALITY/RATE/MULT/EUHICPXT/APR,1.00528739
2024-03-05,SEASONALITY/RATE/MULT/EUHICPXT/AUG,1.00211507
2024-03-05,SEASONALITY/RATE/MULT/EUHICPXT/DEC,0.99718925
2024-03-05,SEASONALITY/RATE/MULT/EUHICPXT/FEB,0.98922387
2024-03-05,SEASONALITY/RATE/MULT/EUHICPXT/JAN,0.98610447
2024-03-05,SEASONALITY/RATE/MULT/EUHICPXT/JUL,0.99752192
2024-03-05,SEASONALITY/RATE/MULT/EUHICPXT/JUN,1.00811576
2024-03-05,SEASONALITY/RATE/MULT/EUHICPXT/MAR,1.00441990
2024-03-05,SEASONALITY/RATE/MULT/EUHICPXT/MAY,1.00745949
2024-03-05,SEASONALITY/RATE/MULT/EUHICPXT/NOV,0.99835510
2024-03-05,SEASONALITY/RATE/MULT/EUHICPXT/OCT,1.00059361
2024-03-05,SEASONALITY/RATE/MULT/EUHICPXT/SEP,1.00118437
2024-03-05,EQUITY_OPTION/PRICE/RIC:.STOXX50/EUR/2024-03-16/4075/C,596.48356355
2024-03-05,EQUITY_OPTION/PRICE/RIC:.STOXX50/EUR/2024-03-16/4075/P,1.10459328
2024-03-05,EQUITY_OPTION/PRICE/RIC:.STOXX50/EUR/2024-03-16/4100/C,572.63795944
2024-03-05,EQUITY_OPTION/PRICE/RIC:.STOXX50/EUR/2024-03-16/4100/P,1.20437051
2024-03-05,EQUITY_OPTION/PRICE/RIC:.STOXX50/EUR/2024-03-16/4125/C,548.92304776
2024-03-05,EQUITY_OPTION/PRICE/RIC:.STOXX50/EUR/2024-03-16/4125/P,1.30225859
2024-03-05,EQUITY_OPTION/PRICE/RIC:.STOXX50/EUR/2024-03-16/4150/C,521.16111485
2024-03-05,EQUITY_OPTION/PRICE/RIC:.STOXX50/EUR/2024-03-16/4150/P,1.40536293
2024-03-05,EQUITY_OPTION/PRICE/RIC:.STOXX50/EUR/2024-03-16/4175/C,499.15688349
2024-03-05,EQUITY_OPTION/PRICE/RIC:.STOXX50/EUR/2024-03-16/4175/P,1.50158177
2024-03-05,EQUITY_OPTION/PRICE/RIC:.STOXX50/EUR/2024-03-16/4200/C,470.72974012
2024-03-05,EQUITY_OPTION/PRICE/RIC:.STOXX50/EUR/2024-03-16/4200/P,1.59361211
2024-03-05,EQUITY_OPTION/PRICE/RIC:.STOXX50/EUR/2024-03-16/4225/C,446.06986284
2024-03-05,EQUITY_OPTION/PRICE/RIC:.STOXX50/EUR/2024-03-16/4225/P,1.79879553
2024-03-05,EQUITY_OPTION/PRICE/RIC:.STOXX50/EUR/2024-03-16/4250/C,424.13611270
2024-03-05,EQUITY_OPTION/PRICE/RIC:.STOXX50/EUR/2024-03-16/4250/P,1.99030062
2024-03-05,EQUITY_OPTION/PRICE/RIC:.STOXX50/EUR/2024-03-16/4275/C,397.48434201
2024-03-05,EQUITY_OPTION/PRICE/RIC:.STOXX50/EUR/2024-03-16/4275/P,2.19752007
2024-03-05,EQUITY_OPTION/PRICE/RIC:.STOXX50/EUR/2024-03-16/4300/C,374.38279415
2024-03-05,EQUITY_OPTION/PRICE/RIC:.STOXX50/EUR/2024-03-16/4300/P,2.40666773
2024-03-05,EQUITY_OPTION/PRICE/RIC:.STOXX50/EUR/2024-03-16/4325/C,346.98703564
2024-03-05,EQUITY_OPTION/PRICE/RIC:.STOXX50/EUR/2024-03-16/4325/P,2.69151399
2024-03-05,EQUITY_OPTION/PRICE/RIC:.STOXX50/EUR/2024-03-16/4350/C,325.42579461
2024-03-05,EQUITY_OPTION/PRICE/RIC:.STOXX50/EUR/2024-03-16/4350/P,3.01375166
2024-03-05,EQUITY_OPTION/PRICE/RIC:.STOXX50/EUR/2024-03-16/4375/C,299.86645271
2024-03-05,EQUITY_OPTION/PRICE/RIC:.STOXX50/EUR/2024-03-16/4375/P,3.40588954
2024-03-05,EQUITY_OPTION/PRICE/RIC:.STOXX50/EUR/2024-03-16/4400/C,273.80636780
2024-03-05,EQUITY_OPTION/PRICE/RIC:.STOXX50/EUR/2024-03-16/4400/P,4.00995540
2024-03-05,EQUITY_OPTION/PRICE/RIC:.STOXX50/EUR/2024-03-16/4425/C,251.80019043
2024-03-05,EQUITY_OPTION/PRICE/RIC:.STOXX50/EUR/2024-03-16/4425/P,4.58447502
2024-03-05,EQUITY_OPTION/PRICE/RIC:.STOXX50/EUR/2024-03-16/4450/C,227.40402223
2024-03-05,EQUITY_OPTION/PRICE/RIC:.STOXX50/EUR/2024-03-16/4450/P,5.41855932
2024-03-05,EQUITY_OPTION/PRICE/RIC:.STOXX50/EUR/2024-03-16/4475/C,201.80717340
2024-03-05,EQUITY_OPTION/PRICE/RIC:.STOXX50/EUR/2024-03-16/4475/P,6.48866539
2024-03-05,EQUITY_OPTION/PRICE/RIC:.STOXX50/EUR/2024-03-16/4500/C,178.15159301
2024-03-05,EQUITY_OPTION/PRICE/RIC:.STOXX50/EUR/2024-03-16/4500/P,7.78018912
2024-03-05,EQUITY_OPTION/PRICE/RIC:.STOXX50/EUR/2024-03-16/4525/C,155.76266798
2024-03-05,EQUITY_OPTION/PRICE/RIC:.STOXX50/EUR/2024-03-16/4525/P,9.57191373
2024-03-05,EQUITY_OPTION/PRICE/RIC:.STOXX50/EUR/2024-03-16/4550/C,133.47421567
2024-03-05,EQUITY_OPTION/PRICE/RIC:.STOXX50/EUR/2024-03-16/4550/P,11.89818358
2024-03-05,EQUITY_OPTION/PRICE/RIC:.STOXX50/EUR/2024-03-16/4575/C,111.22110144
2024-03-05,EQUITY_OPTION/PRICE/RIC:.STOXX50/EUR/2024-03-16/4575/P,15.01251531
2024-03-05,EQUITY_OPTION/PRICE/RIC:.STOXX50/EUR/2024-03-16/4600/C,90.10971794
2024-03-05,EQUITY_OPTION/PRICE/RIC:.STOXX50/EUR/2024-03-16/4600/P,19.03507674
2024-03-05,EQUITY_OPTION/PRICE/RIC:.STOXX50/EUR/2024-03-16/4625/C,70.40959596
2024-03-05,EQUITY_OPTION/PRICE/RIC:.STOXX50/EUR/2024-03-16/4625/P,24.71752951
2024-03-05,EQUITY_OPTION/PRICE/RIC:.STOXX50/EUR/2024-03-16/4650/C,53.12541631
2024-03-05,EQUITY_OPTION/PRICE/RIC:.STOXX50/EUR/2024-03-16/4650/P,31.75700916
2024-03-05,EQUITY_OPTION/PRICE/RIC:.STOXX50/EUR/2024-03-16/4675/C,37.54283744
2024-03-05,EQUITY_OPTION/PRICE/RIC:.STOXX50/EUR/2024-03-16/4675/P,41.39795233
2024-03-05,EQUITY_OPTION/PRICE/RIC:.STOXX50/EUR/2024-03-16/4700/C,24.62519465
2024-03-05,EQUITY_OPTION/PRICE/RIC:.STOXX50/EUR/2024-03-16/4700/P,53.70918132
2024-03-05,EQUITY_OPTION/PRICE/RIC:.STOXX50/EUR/2024-03-16/4725/C,15.14545514
2024-03-05,EQUITY_OPTION/PRICE/RIC:.STOXX50/EUR/2024-03-16/4725/P,68.95045593
2024-03-05,EQUITY_OPTION/PRICE/RIC:.STOXX50/EUR/2024-03-16/4750/C,8.60287603
2024-03-05,EQUITY_OPTION/PRICE/RIC:.STOXX50/EUR/2024-03-16/4750/P,87.22552100
2024-03-05,EQUITY_OPTION/PRICE/RIC:.STOXX50/EUR/2024-03-16/4775/C,4.38866574
2024-03-05,EQUITY_OPTION/PRICE/RIC:.STOXX50/EUR/2024-03-16/4775/P,107.81154538
2024-03-05,EQUITY_OPTION/PRICE/RIC:.STOXX50/EUR/2024-03-16/4800/C,2.09325321
2024-03-05,EQUITY_OPTION/PRICE/RIC:.STOXX50/EUR/2024-03-16/4800/P,131.17084539
2024-03-05,EQUITY_OPTION/PRICE/RIC:.STOXX50/EUR/2024-03-16/4825/C,0.99757390
2024-03-05,EQUITY_OPTION/PRICE/RIC:.STOXX50/EUR/2024-03-16/4825/P,154.38087488
2024-03-05,EQUITY_OPTION/PRICE/RIC:.STOXX50/EUR/2024-04-13/4050/C,626.96894228
2024-03-05,EQUITY_OPTION/PRICE/RIC:.STOXX50/EUR/2024-04-13/4050/P,5.18586500
2024-03-05,EQUITY_OPTION/PRICE/RIC:.STOXX50/EUR/2024-04-13/4075/C,599.64995898
2024-03-05,EQUITY_OPTION/PRICE/RIC:.STOXX50/EUR/2024-04-13/4075/P,5.48802752
2024-03-05,EQUITY_OPTION/PRICE/RIC:.STOXX50/EUR/2024-04-13/4100/C,575.89713315
2024-03-05,EQUITY_OPTION/PRICE/RIC:.STOXX50/EUR/2024-04-13/4100/P,5.92585079
2024-03-05,EQUITY_OPTION/PRICE/RIC:.STOXX50/EUR/2024-04-13/4125/C,553.44687577
2024-03-05,EQUITY_OPTION/PRICE/RIC:.STOXX50/EUR/2024-04-13/4125/P,6.38007554
2024-03-05,EQUITY_OPTION/PRICE/RIC:.STOXX50/EUR/2024-04-13/4150/C,526.06598906
2024-03-05,EQUITY_OPTION/PRICE/RIC:.STOXX50/EUR/2024-04-13/4150/P,6.92385564
2024-03-05,EQUITY_OPTION/PRICE/RIC:.STOXX50/EUR/2024-04-13/4175/C,502.34034362
2024-03-05,EQUITY_OPTION/PRICE/RIC:.STOXX50/EUR/2024-04-13/4175/P,7.39195692
2024-03-05,EQUITY_OPTION/PRICE/RIC:.STOXX50/EUR/2024-04-13/4200/C,479.46434099
2024-03-05,EQUITY_OPTION/PRICE/RIC:.STOXX50/EUR/2024-04-13/4200/P,8.10029505
2024-03-05,EQUITY_OPTION/PRICE/RIC:.STOXX50/EUR/2024-04-13/4225/C,455.49829086
2024-03-05,EQUITY_OPTION/PRICE/RIC:.STOXX50/EUR/2024-04-13/4225/P,8.82445172
2024-03-05,EQUITY_OPTION/PRICE/RIC:.STOXX50/EUR/2024-04-13/4250/C,428.12954723
2024-03-05,EQUITY_OPTION/PRICE/RIC:.STOXX50/EUR/2024-04-13/4250/P,9.66998778
2024-03-05,EQUITY_OPTION/PRICE/RIC:.STOXX50/EUR/2024-04-13/4275/C,404.87584927
2024-03-05,EQUITY_OPTION/PRICE/RIC:.STOXX50/EUR/2024-04-13/4275/P,10.65294024
2024-03-05,EQUITY_OPTION/PRICE/RIC:.STOXX50/EUR/2024-04-13/4300/C,380.54262063
2024-03-05,EQUITY_OPTION/PRICE/RIC:.STOXX50/EUR/2024-04-13/4300/P,11.66370071
2024-03-05,EQUITY_OPTION/PRICE/RIC:.STOXX50/EUR/2024-04-13/4325/C,359.48581562
2024-03-05,EQUITY_OPTION/PRICE/RIC:.STOXX50/EUR/2024-04-13/4325/P,12.91166422
2024-03-05,EQUITY_OPTION/PRICE/RIC:.STOXX50/EUR/2024-04-13/4350/C,333.55342066
2024-03-05,EQUITY_OPTION/PRICE/RIC:.STOXX50/EUR/2024-04-13/4350/P,14.41581568
2024-03-05,EQUITY_OPTION/PRICE/RIC:.STOXX50/EUR/2024-04-13/4375/C,310.75522556
2024-03-05,EQUITY_OPTION/PRICE/RIC:.STOXX50/EUR/2024-04-13/4375/P,16.02326495
2024-03-05,EQUITY_OPTION/PRICE/RIC:.STOXX50/EUR/2024-04-13/4400/C,288.09386089
2024-03-05,EQUITY_OPTION/PRICE/RIC:.STOXX50/EUR/2024-04-13/4400/P,18.00415583
2024-03-05,EQUITY_OPTION/PRICE/RIC:.STOXX50/EUR/2024-04-13/4425/C,265.49778927
2024-03-05,EQUITY_OPTION/PRICE/RIC:.STOXX50/EUR/2024-04-13/4425/P,20.10541189
2024-03-05,EQUITY_OPTION/PRICE/RIC:.STOXX50/EUR/2024-04-13/4450/C,242.91299080
2024-03-05,EQUITY_OPTION/PRICE/RIC:.STOXX50/EUR/2024-04-13/4450/P,22.79753826
2024-03-05,EQUITY_OPTION/PRICE/RIC:.STOXX50/EUR/2024-04-13/4475/C,220.58091423
2024-03-05,EQUITY_OPTION/PRICE/RIC:.STOXX50/EUR/2024-04-13/4475/P,25.76212031
2024-03-05,EQUITY_OPTION/PRICE/RIC:.STOXX50/EUR/2024-04-13/4500/C,200.25443817
2024-03-05,EQUITY_OPTION/PRICE/RIC:.STOXX50/EUR/2024-04-13/4500/P,29.36900313
2024-03-05,EQUITY_OPTION/PRICE/RIC:.STOXX50/EUR/2024-04-13/4525/C,179.61004769
2024-03-05,EQUITY_OPTION/PRICE/RIC:.STOXX50/EUR/2024-04-13/4525/P,33.38811345
2024-03-05,EQUITY_OPTION/PRICE/RIC:.STOXX50/EUR/2024-04-13/4550/C,158.78466045
2024-03-05,EQUITY_OPTION/PRICE/RIC:.STOXX50/EUR/2024-04-13/4550/P,38.11409330
2024-03-05,EQUITY_OPTION/PRICE/RIC:.STOXX50/EUR/2024-04-13/4575/C,138.99785698
2024-03-05,EQUITY_OPTION/PRICE/RIC:.STOXX50/EUR/2024-04-13/4575/P,43.93025010
2024-03-05,EQUITY_OPTION/PRICE/RIC:.STOXX50/EUR/2024-04-13/4600/C,120.90406009
2024-03-05,EQUITY_OPTION/PRICE/RIC:.STOXX50/EUR/2024-04-13/4600/P,50.39604006
2024-03-05,EQUITY_OPTION/PRICE/RIC:.STOXX50/EUR/2024-04-13/4625/C,104.06472120
2024-03-05,EQUITY_OPTION/PRICE/RIC:.STOXX50/EUR/2024-04-13/4625/P,57.76241045
2024-03-05,EQUITY_OPTION/PRICE/RIC:.STOXX50/EUR/2024-04-13/4650/C,87.42969136
2024-03-05,EQUITY_OPTION/PRICE/RIC:.STOXX50/EUR/2024-04-13/4650/P,66.54147835
2024-03-05,EQUITY_OPTION/PRICE/RIC:.STOXX50/EUR/2024-04-13/4675/C,72.42249847
2024-03-05,EQUITY_OPTION/PRICE/RIC:.STOXX50/EUR/2024-04-13/4675/P,76.19796823
2024-03-05,EQUITY_OPTION/PRICE/RIC:.STOXX50/EUR/2024-04-13/4700/C,58.68943975
2024-03-05,EQUITY_OPTION/PRICE/RIC:.STOXX50/EUR/2024-04-13/4700/P,87.53814951
2024-03-05,EQUITY_OPTION/PRICE/RIC:.STOXX50/EUR/2024-04-13/4725/C,46.76798355
2024-03-05,EQUITY_OPTION/PRICE/RIC:.STOXX50/EUR/2024-04-13/4725/P,100.69175642
2024-03-05,EQUITY_OPTION/PRICE/RIC:.STOXX50/EUR/2024-04-13/4750/C,36.68192634
2024-03-05,EQUITY_OPTION/PRICE/RIC:.STOXX50/EUR/2024-04-13/4750/P,115.30709300
2024-03-05,EQUITY_OPTION/PRICE/RIC:.STOXX50/EUR/2024-04-13/4775/C,27.95105522
2024-03-05,EQUITY_OPTION/PRICE/RIC:.STOXX50/EUR/2024-04-13/4775/P,131.33389671
2024-03-05,EQUITY_OPTION/PRICE/RIC:.STOXX50/EUR/2024-04-13/4800/C,20.91095885
2024-03-05,EQUITY_OPTION/PRICE/RIC:.STOXX50/EUR/2024-04-13/4800/P,149.63096439
2024-03-05,EQUITY_OPTION/PRICE/RIC:.STOXX50/EUR/2024-04-13/4825/C,15.31325713
2024-03-05,EQUITY_OPTION/PRICE/RIC:.STOXX50/EUR/2024-04-13/4825/P,168.29557962
2024-03-05,EQUITY_OPTION/PRICE/RIC:.STOXX50/EUR/2024-05-10/4300/C,400.85046307
2024-03-05,EQUITY_OPTION/PRICE/RIC:.STOXX50/EUR/2024-05-10/4300/P,21.05535641
2024-03-05,EQUITY_OPTION/PRICE/RIC:.STOXX50/EUR/2024-05-10/4325/C,377.78665531
2024-03-05,EQUITY_OPTION/PRICE/RIC:.STOXX50/EUR/2024-05-10/4325/P,23.11324210
2024-03-05,EQUITY_OPTION/PRICE/RIC:.STOXX50/EUR/2024-05-10/4350/C,356.18908386
2024-03-05,EQUITY_OPTION/PRICE/RIC:.STOXX50/EUR/2024-05-10/4350/P,25.15473079
2024-03-05,EQUITY_OPTION/PRICE/RIC:.STOXX50/EUR/2024-05-10/4375/C,334.24169697
2024-03-05,EQUITY_OPTION/PRICE/RIC:.STOXX50/EUR/2024-05-10/4375/P,27.53135416
2024-03-05,EQUITY_OPTION/PRICE/RIC:.STOXX50/EUR/2024-05-10/4400/C,309.55184209
2024-03-05,EQUITY_OPTION/PRICE/RIC:.STOXX50/EUR/2024-05-10/4400/P,30.16017415
2024-03-05,EQUITY_OPTION/PRICE/RIC:.STOXX50/EUR/2024-05-10/4425/C,289.75414222
2024-03-05,EQUITY_OPTION/PRICE/RIC:.STOXX50/EUR/2024-05-10/4425/P,33.35577124
2024-03-05,EQUITY_OPTION/PRICE/RIC:.STOXX50/EUR/2024-05-10/4450/C,267.64130430
2024-03-05,EQUITY_OPTION/PRICE/RIC:.STOXX50/EUR/2024-05-10/4450/P,36.87966761
2024-03-05,EQUITY_OPTION/PRICE/RIC:.STOXX50/EUR/2024-05-10/4475/C,247.57884570
2024-03-05,EQUITY_OPTION/PRICE/RIC:.STOXX50/EUR/2024-05-10/4475/P,40.79060413
2024-03-05,EQUITY_OPTION/PRICE/RIC:.STOXX50/EUR/2024-05-10/4500/C,225.75504016
2024-03-05,EQUITY_OPTION/PRICE/RIC:.STOXX50/EUR/2024-05-10/4500/P,45.18722482
2024-03-05,EQUITY_OPTION/PRICE/RIC:.STOXX50/EUR/2024-05-10/4525/C,206.41799581
2024-03-05,EQUITY_OPTION/PRICE/RIC:.STOXX50/EUR/2024-05-10/4525/P,49.69038442
2024-03-05,EQUITY_OPTION/PRICE/RIC:.STOXX50/EUR/2024-05-10/4550/C,186.65672086
2024-03-05,EQUITY_OPTION/PRICE/RIC:.STOXX50/EUR/2024-05-10/4550/P,55.30932363
2024-03-05,EQUITY_OPTION/PRICE/RIC:.STOXX50/EUR/2024-05-10/4575/C,167.83590852
2024-03-05,EQUITY_OPTION/PRICE/RIC:.STOXX50/EUR/2024-05-10/4575/P,61.67095246
2024-03-05,EQUITY_OPTION/PRICE/RIC:.STOXX50/EUR/2024-05-10/4600/C,149.39924934
2024-03-05,EQUITY_OPTION/PRICE/RIC:.STOXX50/EUR/2024-05-10/4600/P,68.63279029
2024-03-05,EQUITY_OPTION/PRICE/RIC:.STOXX50/EUR/2024-05-10/4625/C,132.65062871
2024-03-05,EQUITY_OPTION/PRICE/RIC:.STOXX50/EUR/2024-05-10/4625/P,76.28151628
2024-03-05,EQUITY_OPTION/PRICE/RIC:.STOXX50/EUR/2024-05-10/4650/C,116.21403480
2024-03-05,EQUITY_OPTION/PRICE/RIC:.STOXX50/EUR/2024-05-10/4650/P,84.74422388
2024-03-05,EQUITY_OPTION/PRICE/RIC:.STOXX50/EUR/2024-05-10/4675/C,101.06142602
2024-03-05,EQUITY_OPTION/PRICE/RIC:.STOXX50/EUR/2024-05-10/4675/P,93.99002049
2024-03-05,EQUITY_OPTION/PRICE/RIC:.STOXX50/EUR/2024-05-10/4700/C,86.38994585
2024-03-05,EQUITY_OPTION/PRICE/RIC:.STOXX50/EUR/2024-05-10/4700/P,104.52659669
2024-03-05,EQUITY_OPTION/PRICE/RIC:.STOXX50/EUR/2024-05-10/4725/C,73.88536739
2024-03-05,EQUITY_OPTION/PRICE/RIC:.STOXX50/EUR/2024-05-10/4725/P,116.22439606
2024-03-05,EQUITY_OPTION/PRICE/RIC:.STOXX50/EUR/2024-05-10/4750/C,61.85743697
2024-03-05,EQUITY_OPTION/PRICE/RIC:.STOXX50/EUR/2024-05-10/4750/P,130.31891221
2024-03-05,EQUITY_OPTION/PRICE/RIC:.STOXX50/EUR/2024-05-10/4775/C,51.43458211
2024-03-05,EQUITY_OPTION/PRICE/RIC:.STOXX50/EUR/2024-05-10/4775/P,144.15466249
2024-03-05,EQUITY_OPTION/PRICE/RIC:.STOXX50/EUR/2024-05-10/4800/C,42.13268574
2024-03-05,EQUITY_OPTION/PRICE/RIC:.STOXX50/EUR/2024-05-10/4800/P,160.53824406
2024-03-05,EQUITY_OPTION/PRICE/RIC:.STOXX50/EUR/2024-05-10/4825/C,34.43075201
2024-03-05,EQUITY_OPTION/PRICE/RIC:.STOXX50/EUR/2024-05-10/4825/P,176.56294694
2024-03-05,EQUITY_OPTION/PRICE/RIC:.STOXX50/EUR/2024-07-13/2900/C,1720.40098386
2024-03-05,EQUITY_OPTION/PRICE/RIC:.STOXX50/EUR/2024-07-13/2900/P,4.08385793
2024-03-05,EQUITY_OPTION/PRICE/RIC:.STOXX50/EUR/2024-07-13/3000/C,1627.45115834
2024-03-05,EQUITY_OPTION/PRICE/RIC:.STOXX50/EUR/2024-07-13/3000/P,4.71927717
2024-03-05,EQUITY_OPTION/PRICE/RIC:.STOXX50/EUR/2024-07-13/3100/C,1529.63242474
2024-03-05,EQUITY_OPTION/PRICE/RIC:.STOXX50/EUR/2024-07-13/3100/P,5.37461161
2024-03-05,EQUITY_OPTION/PRICE/RIC:.STOXX50/EUR/2024-07-13/3200/C,1435.13128137
2024-03-05,EQUITY_OPTION/PRICE/RIC:.STOXX50/EUR/2024-07-13/3200/P,6.22591482
2024-03-05,EQUITY_OPTION/PRICE/RIC:.STOXX50/EUR/2024-07-13/3300/C,1329.53463865
2024-03-05,EQUITY_OPTION/PRICE/RIC:.STOXX50/EUR/2024-07-13/3300/P,7.10046758
2024-03-05,EQUITY_OPTION/PRICE/RIC:.STOXX50/EUR/2024-07-13/3400/C,1230.66549877
2024-03-05,EQUITY_OPTION/PRICE/RIC:.STOXX50/EUR/2024-07-13/3400/P,8.18201478
2024-03-05,EQUITY_OPTION/PRICE/RIC:.STOXX50/EUR/2024-07-13/3500/C,1133.67381635
2024-03-05,EQUITY_OPTION/PRICE/RIC:.STOXX50/EUR/2024-07-13/3500/P,9.50266025
2024-03-05,EQUITY_OPTION/PRICE/RIC:.STOXX50/EUR/2024-07-13/3600/C,1032.69257734
2024-03-05,EQUITY_OPTION/PRICE/RIC:.STOXX50/EUR/2024-07-13/3600/P,11.14459783
2024-03-05,EQUITY_OPTION/PRICE/RIC:.STOXX50/EUR/2024-07-13/3700/C,942.27625256
2024-03-05,EQUITY_OPTION/PRICE/RIC:.STOXX50/EUR/2024-07-13/3700/P,13.32993698
2024-03-05,EQUITY_OPTION/PRICE/RIC:.STOXX50/EUR/2024-07-13/3800/C,844.50950218
2024-03-05,EQUITY_OPTION/PRICE/RIC:.STOXX50/EUR/2024-07-13/3800/P,15.99029682
2024-03-05,EQUITY_OPTION/PRICE/RIC:.STOXX50/EUR/2024-07-13/3900/C,747.47065592
2024-03-05,EQUITY_OPTION/PRICE/RIC:.STOXX50/EUR/2024-07-13/3900/P,19.48903838
2024-03-05,EQUITY_OPTION/PRICE/RIC:.STOXX50/EUR/2024-07-13/4000/C,652.21790089
2024-03-05,EQUITY_OPTION/PRICE/RIC:.STOXX50/EUR/2024-07-13/4000/P,24.31066751
2024-03-05,EQUITY_OPTION/PRICE/RIC:.STOXX50/EUR/2024-07-13/4050/C,609.13752417
2024-03-05,EQUITY_OPTION/PRICE/RIC:.STOXX50/EUR/2024-07-13/4050/P,27.10127470
2024-03-05,EQUITY_OPTION/PRICE/RIC:.STOXX50/EUR/2024-07-13/4100/C,562.65091880
2024-03-05,EQUITY_OPTION/PRICE/RIC:.STOXX50/EUR/2024-07-13/4100/P,30.46792600
2024-03-05,EQUITY_OPTION/PRICE/RIC:.STOXX50/EUR/2024-07-13/4150/C,515.45768291
2024-03-05,EQUITY_OPTION/PRICE/RIC:.STOXX50/EUR/2024-07-13/4150/P,34.70567347
2024-03-05,EQUITY_OPTION/PRICE/RIC:.STOXX50/EUR/2024-07-13/4200/C,470.06147855
2024-03-05,EQUITY_OPTION/PRICE/RIC:.STOXX50/EUR/2024-07-13/4200/P,39.47109304
2024-03-05,EQUITY_OPTION/PRICE/RIC:.STOXX50/EUR/2024-07-13/4250/C,427.95628119
2024-03-05,EQUITY_OPTION/PRICE/RIC:.STOXX50/EUR/2024-07-13/4250/P,44.75882865
2024-03-05,EQUITY_OPTION/PRICE/RIC:.STOXX50/EUR/2024-07-13/4300/C,382.67093553
2024-03-05,EQUITY_OPTION/PRICE/RIC:.STOXX50/EUR/2024-07-13/4300/P,51.42793803
2024-03-05,EQUITY_OPTION/PRICE/RIC:.STOXX50/EUR/2024-07-13/4350/C,340.59922242
2024-03-05,EQUITY_OPTION/PRICE/RIC:.STOXX50/EUR/2024-07-13/4350/P,58.75126839
2024-03-05,EQUITY_OPTION/PRICE/RIC:.STOXX50/EUR/2024-07-13/4400/C,301.14764971
2024-03-05,EQUITY_OPTION/PRICE/RIC:.STOXX50/EUR/2024-07-13/4400/P,67.95151430
2024-03-05,EQUITY_OPTION/PRICE/RIC:.STOXX50/EUR/2024-07-13/4450/C,263.64113450
2024-03-05,EQUITY_OPTION/PRICE/RIC:.STOXX50/EUR/2024-07-13/4450/P,78.79079596
2024-03-05,EQUITY_OPTION/PRICE/RIC:.STOXX50/EUR/2024-07-13/4500/C,225.07081978
2024-03-05,EQUITY_OPTION/PRICE/RIC:.STOXX50/EUR/2024-07-13/4500/P,91.39695123
2024-03-05,EQUITY_OPTION/PRICE/RIC:.STOXX50/EUR/2024-07-13/4550/C,190.88011116
2024-03-05,EQUITY_OPTION/PRICE/RIC:.STOXX50/EUR/2024-07-13/4550/P,105.66449927
2024-03-05,EQUITY_OPTION/PRICE/RIC:.STOXX50/EUR/2024-07-13/4600/C,158.40185205
2024-03-05,EQUITY_OPTION/PRICE/RIC:.STOXX50/EUR/2024-07-13/4600/P,122.43583663
2024-03-05,EQUITY_OPTION/PRICE/RIC:.STOXX50/EUR/2024-07-13/4650/C,128.23082903
2024-03-05,EQUITY_OPTION/PRICE/RIC:.STOXX50/EUR/2024-07-13/4650/P,142.94951374
2024-03-05,EQUITY_OPTION/PRICE/RIC:.STOXX50/EUR/2024-07-13/4700/C,101.62102908
2024-03-05,EQUITY_OPTION/PRICE/RIC:.STOXX50/EUR/2024-07-13/4700/P,165.24210084
2024-03-05,EQUITY_OPTION/PRICE/RIC:.STOXX50/EUR/2024-07-13/4750/C,79.37893902
2024-03-05,EQUITY_OPTION/PRICE/RIC:.STOXX50/EUR/2024-07-13/4750/P,193.75518261
2024-03-05,EQUITY_OPTION/PRICE/RIC:.STOXX50/EUR/2024-07-13/4800/C,60.21763448
2024-03-05,EQUITY_OPTION/PRICE/RIC:.STOXX50/EUR/2024-07-13/4800/P,222.56321095
2024-03-05,EQUITY_OPTION/PRICE/RIC:.STOXX50/EUR/2024-07-13/4850/C,44.92863880
2024-03-05,EQUITY_OPTION/PRICE/RIC:.STOXX50/EUR/2024-07-13/4850/P,257.35206649
2024-03-05,EQUITY_OPTION/PRICE/RIC:.STOXX50/EUR/2024-07-13/4900/C,32.56991662
2024-03-05,EQUITY_OPTION/PRICE/RIC:.STOXX50/EUR/2024-07-13/4900/P,294.37581696
2024-03-05,EQUITY_OPTION/PRICE/RIC:.STOXX50/EUR/2024-07-13/5000/C,16.26861923
2024-03-05,EQUITY_OPTION/PRICE/RIC:.STOXX50/EUR/2024-07-13/5000/P,377.33612070
2024-03-05,EQUITY_OPTION/PRICE/RIC:.STOXX50/EUR/2024-10-12/4050/C,644.47197618
2024-03-05,EQUITY_OPTION/PRICE/RIC:.STOXX50/EUR/2024-10-12/4050/P,50.45642242
2024-03-05,EQUITY_OPTION/PRICE/RIC:.STOXX50/EUR/2024-10-12/4100/C,596.95620969
2024-03-05,EQUITY_OPTION/PRICE/RIC:.STOXX50/EUR/2024-10-12/4100/P,55.54198473
2024-03-05,EQUITY_OPTION/PRICE/RIC:.STOXX50/EUR/2024-10-12/4150/C,552.90323048
2024-03-05,EQUITY_OPTION/PRICE/RIC:.STOXX50/EUR/2024-10-12/4150/P,60.74508213
2024-03-05,EQUITY_OPTION/PRICE/RIC:.STOXX50/EUR/2024-10-12/4200/C,510.21389956
2024-03-05,EQUITY_OPTION/PRICE/RIC:.STOXX50/EUR/2024-10-12/4200/P,66.82632433
2024-03-05,EQUITY_OPTION/PRICE/RIC:.STOXX50/EUR/2024-10-12/4250/C,469.63353125
2024-03-05,EQUITY_OPTION/PRICE/RIC:.STOXX50/EUR/2024-10-12/4250/P,73.73978152
2024-03-05,EQUITY_OPTION/PRICE/RIC:.STOXX50/EUR/2024-10-12/4300/C,426.49802734
2024-03-05,EQUITY_OPTION/PRICE/RIC:.STOXX50/EUR/2024-10-12/4300/P,82.66110795
2024-03-05,EQUITY_OPTION/PRICE/RIC:.STOXX50/EUR/2024-10-12/4350/C,387.29721221
2024-03-05,EQUITY_OPTION/PRICE/RIC:.STOXX50/EUR/2024-10-12/4350/P,92.21166094
2024-03-05,EQUITY_OPTION/PRICE/RIC:.STOXX50/EUR/2024-10-12/4400/C,348.72977143
2024-03-05,EQUITY_OPTION/PRICE/RIC:.STOXX50/EUR/2024-10-12/4400/P,102.90679821
2024-03-05,EQUITY_OPTION/PRICE/RIC:.STOXX50/EUR/2024-10-12/4450/C,310.99761629
2024-03-05,EQUITY_OPTION/PRICE/RIC:.STOXX50/EUR/2024-10-12/4450/P,115.28762273
2024-03-05,EQUITY_OPTION/PRICE/RIC:.STOXX50/EUR/2024-10-12/4500/C,277.45950051
2024-03-05,EQUITY_OPTION/PRICE/RIC:.STOXX50/EUR/2024-10-12/4500/P,128.35814983
2024-03-05,EQUITY_OPTION/PRICE/RIC:.STOXX50/EUR/2024-10-12/4550/C,243.03131796
2024-03-05,EQUITY_OPTION/PRICE/RIC:.STOXX50/EUR/2024-10-12/4550/P,144.16894008
2024-03-05,EQUITY_OPTION/PRICE/RIC:.STOXX50/EUR/2024-10-12/4600/C,210.63150831
2024-03-05,EQUITY_OPTION/PRICE/RIC:.STOXX50/EUR/2024-10-12/4600/P,162.77631174
2024-03-05,EQUITY_OPTION/PRICE/RIC:.STOXX50/EUR/2024-10-12/4650/C,182.48158047
2024-03-05,EQUITY_OPTION/PRICE/RIC:.STOXX50/EUR/2024-10-12/4650/P,183.33281489
2024-03-05,EQUITY_OPTION/PRICE/RIC:.STOXX50/EUR/2024-10-12/4700/C,155.99495221
2024-03-05,EQUITY_OPTION/PRICE/RIC:.STOXX50/EUR/2024-10-12/4700/P,205.09003973
2024-03-05,EQUITY_OPTION/PRICE/RIC:.STOXX50/EUR/2024-10-12/4750/C,131.02861492
2024-03-05,EQUITY_OPTION/PRICE/RIC:.STOXX50/EUR/2024-10-12/4750/P,231.13431195
2024-03-05,EQUITY_OPTION/PRICE/RIC:.STOXX50/EUR/2024-10-12/4800/C,108.59551253
2024-03-05,EQUITY_OPTION/PRICE/RIC:.STOXX50/EUR/2024-10-12/4800/P,258.28666734
2024-03-05,EQUITY_OPTION/PRICE/RIC:.STOXX50/EUR/2024-10-12/4850/C,89.84914428
2024-03-05,EQUITY_OPTION/PRICE/RIC:.STOXX50/EUR/2024-10-12/4850/P,287.93990515
2024-03-05,EQUITY_OPTION/PRICE/RIC:.STOXX50/EUR/2025-01-11/2600/C,2035.52409086
2024-03-05,EQUITY_OPTION/PRICE/RIC:.STOXX50/EUR/2025-01-11/2600/P,10.93979652
2024-03-05,EQUITY_OPTION/PRICE/RIC:.STOXX50/EUR/2025-01-11/2700/C,1935.24455878
2024-03-05,EQUITY_OPTION/PRICE/RIC:.STOXX50/EUR/2025-01-11/2700/P,12.08911311
2024-03-05,EQUITY_OPTION/PRICE/RIC:.STOXX50/EUR/2025-01-11/2800/C,1840.30161594
2024-03-05,EQUITY_OPTION/PRICE/RIC:.STOXX50/EUR/2025-01-11/2800/P,13.56201069
2024-03-05,EQUITY_OPTION/PRICE/RIC:.STOXX50/EUR/2025-01-11/2900/C,1738.86089628
2024-03-05,EQUITY_OPTION/PRICE/RIC:.STOXX50/EUR/2025-01-11/2900/P,14.97723340
2024-03-05,EQUITY_OPTION/PRICE/RIC:.STOXX50/EUR/2025-01-11/3000/C,1653.24535969
2024-03-05,EQUITY_OPTION/PRICE/RIC:.STOXX50/EUR/2025-01-11/3000/P,16.74956649
2024-03-05,EQUITY_OPTION/PRICE/RIC:.STOXX50/EUR/2025-01-11/3100/C,1544.93488614
2024-03-05,EQUITY_OPTION/PRICE/RIC:.STOXX50/EUR/2025-01-11/3100/P,18.72390032
2024-03-05,EQUITY_OPTION/PRICE/RIC:.STOXX50/EUR/2025-01-11/3200/C,1460.07624702
2024-03-05,EQUITY_OPTION/PRICE/RIC:.STOXX50/EUR/2025-01-11/3200/P,21.24138878
2024-03-05,EQUITY_OPTION/PRICE/RIC:.STOXX50/EUR/2025-01-11/3300/C,1362.53328210
2024-03-05,EQUITY_OPTION/PRICE/RIC:.STOXX50/EUR/2025-01-11/3300/P,23.96105442
2024-03-05,EQUITY_OPTION/PRICE/RIC:.STOXX50/EUR/2025-01-11/3400/C,1269.70084793
2024-03-05,EQUITY_OPTION/PRICE/RIC:.STOXX50/EUR/2025-01-11/3400/P,27.22896064
2024-03-05,EQUITY_OPTION/PRICE/RIC:.STOXX50/EUR/2025-01-11/3500/C,1168.95873822
2024-03-05,EQUITY_OPTION/PRICE/RIC:.STOXX50/EUR/2025-01-11/3500/P,31.00365062
2024-03-05,EQUITY_OPTION/PRICE/RIC:.STOXX50/EUR/2025-01-11/3600/C,1077.11586316
2024-03-05,EQUITY_OPTION/PRICE/RIC:.STOXX50/EUR/2025-01-11/3600/P,35.84717144
2024-03-05,EQUITY_OPTION/PRICE/RIC:.STOXX50/EUR/2025-01-11/3700/C,982.09934140
2024-03-05,EQUITY_OPTION/PRICE/RIC:.STOXX50/EUR/2025-01-11/3700/P,41.20000169
2024-03-05,EQUITY_OPTION/PRICE/RIC:.STOXX50/EUR/2025-01-11/3800/C,896.03422510
2024-03-05,EQUITY_OPTION/PRICE/RIC:.STOXX50/EUR/2025-01-11/3800/P,48.36626029
2024-03-05,EQUITY_OPTION/PRICE/RIC:.STOXX50/EUR/2025-01-11/3900/C,801.08212360
2024-03-05,EQUITY_OPTION/PRICE/RIC:.STOXX50/EUR/2025-01-11/3900/P,56.41483512
2024-03-05,EQUITY_OPTION/PRICE/RIC:.STOXX50/EUR/2025-01-11/4000/C,714.05000808
2024-03-05,EQUITY_OPTION/PRICE/RIC:.STOXX50/EUR/2025-01-11/4000/P,66.82234460
2024-03-05,EQUITY_OPTION/PRICE/RIC:.STOXX50/EUR/2025-01-11/4050/C,672.42366466
2024-03-05,EQUITY_OPTION/PRICE/RIC:.STOXX50/EUR/2025-01-11/4050/P,72.83979008
2024-03-05,EQUITY_OPTION/PRICE/RIC:.STOXX50/EUR/2025-01-11/4100/C,631.72255136
2024-03-05,EQUITY_OPTION/PRICE/RIC:.STOXX50/EUR/2025-01-11/4100/P,79.26220458
2024-03-05,EQUITY_OPTION/PRICE/RIC:.STOXX50/EUR/2025-01-11/4150/C,589.08014819
2024-03-05,EQUITY_OPTION/PRICE/RIC:.STOXX50/EUR/2025-01-11/4150/P,86.53628841
2024-03-05,EQUITY_OPTION/PRICE/RIC:.STOXX50/EUR/2025-01-11/4200/C,547.85833984
2024-03-05,EQUITY_OPTION/PRICE/RIC:.STOXX50/EUR/2025-01-11/4200/P,94.63782104
2024-03-05,EQUITY_OPTION/PRICE/RIC:.STOXX50/EUR/2025-01-11/4250/C,504.88313375
2024-03-05,EQUITY_OPTION/PRICE/RIC:.STOXX50/EUR/2025-01-11/4250/P,103.37979827
2024-03-05,EQUITY_OPTION/PRICE/RIC:.STOXX50/EUR/2025-01-11/4300/C,469.22593173
2024-03-05,EQUITY_OPTION/PRICE/RIC:.STOXX50/EUR/2025-01-11/4300/P,112.80868661
2024-03-05,EQUITY_OPTION/PRICE/RIC:.STOXX50/EUR/2025-01-11/4350/C,429.07007375
2024-03-05,EQUITY_OPTION/PRICE/RIC:.STOXX50/EUR/2025-01-11/4350/P,123.83278553
2024-03-05,EQUITY_OPTION/PRICE/RIC:.STOXX50/EUR/2025-01-11/4400/C,391.02390304
2024-03-05,EQUITY_OPTION/PRICE/RIC:.STOXX50/EUR/2025-01-11/4400/P,135.47619814
2024-03-05,EQUITY_OPTION/PRICE/RIC:.STOXX50/EUR/2025-01-11/4450/C,355.90157372
2024-03-05,EQUITY_OPTION/PRICE/RIC:.STOXX50/EUR/2025-01-11/4450/P,148.15957554
2024-03-05,EQUITY_OPTION/PRICE/RIC:.STOXX50/EUR/2025-01-11/4500/C,323.28530119
2024-03-05,EQUITY_OPTION/PRICE/RIC:.STOXX50/EUR/2025-01-11/4500/P,162.67339272
2024-03-05,EQUITY_OPTION/PRICE/RIC:.STOXX50/EUR/2025-01-11/4550/C,290.62232232
2024-03-05,EQUITY_OPTION/PRICE/RIC:.STOXX50/EUR/2025-01-11/4550/P,178.64864428
2024-03-05,EQUITY_OPTION/PRICE/RIC:.STOXX50/EUR/2025-01-11/4600/C,256.36259782
2024-03-05,EQUITY_OPTION/PRICE/RIC:.STOXX50/EUR/2025-01-11/4600/P,196.75347354
2024-03-05,EQUITY_OPTION/PRICE/RIC:.STOXX50/EUR/2025-01-11/4650/C,226.68987042
2024-03-05,EQUITY_OPTION/PRICE/RIC:.STOXX50/EUR/2025-01-11/4650/P,217.16844473
2024-03-05,EQUITY_OPTION/PRICE/RIC:.STOXX50/EUR/2025-01-11/4700/C,200.19370950
2024-03-05,EQUITY_OPTION/PRICE/RIC:.STOXX50/EUR/2025-01-11/4700/P,237.43581678
2024-03-05,EQUITY_OPTION/PRICE/RIC:.STOXX50/EUR/2025-01-11/4750/C,174.35695616
2024-03-05,EQUITY_OPTION/PRICE/RIC:.STOXX50/EUR/2025-01-11/4750/P,260.49896730
2024-03-05,EQUITY_OPTION/PRICE/RIC:.STOXX50/EUR/2025-01-11/4800/C,150.41304765
2024-03-05,EQUITY_OPTION/PRICE/RIC:.STOXX50/EUR/2025-01-11/4800/P,285.73735790
2024-03-05,EQUITY_OPTION/PRICE/RIC:.STOXX50/EUR/2025-01-11/4850/C,129.49356189
2024-03-05,EQUITY_OPTION/PRICE/RIC:.STOXX50/EUR/2025-01-11/4850/P,313.12496203
2024-03-05,EQUITY_OPTION/PRICE/RIC:.STOXX50/EUR/2025-01-11/4900/C,110.41026232
2024-03-05,EQUITY_OPTION/PRICE/RIC:.STOXX50/EUR/2025-01-11/4900/P,344.29116827
2024-03-05,EQUITY_OPTION/PRICE/RIC:.STOXX50/EUR/2025-01-11/5000/C,77.75472964
2024-03-05,EQUITY_OPTION/PRICE/RIC:.STOXX50/EUR/2025-01-11/5000/P,409.16800667
2024-03-05,EQUITY_OPTION/PRICE/RIC:.STOXX50/EUR/2025-07-12/3400/C,1232.18093055
2024-03-05,EQUITY_OPTION/PRICE/RIC:.STOXX50/EUR/2025-07-12/3400/P,49.52911915
2024-03-05,EQUITY_OPTION/PRICE/RIC:.STOXX50/EUR/2025-07-12/3500/C,1133.21080961
2024-03-05,EQUITY_OPTION/PRICE/RIC:.STOXX50/EUR/2025-07-12/3500/P,55.96203519
2024-03-05,EQUITY_OPTION/PRICE/RIC:.STOXX50/EUR/2025-07-12/3600/C,1045.80414708
2024-03-05,EQUITY_OPTION/PRICE/RIC:.STOXX50/EUR/2025-07-12/3600/P,63.94565791
2024-03-05,EQUITY_OPTION/PRICE/RIC:.STOXX50/EUR/2025-07-12/3700/C,963.07582859
2024-03-05,EQUITY_OPTION/PRICE/RIC:.STOXX50/EUR/2025-07-12/3700/P,73.09833492
2024-03-05,EQUITY_OPTION/PRICE/RIC:.STOXX50/EUR/2025-07-12/3800/C,874.10969592
2024-03-05,EQUITY_OPTION/PRICE/RIC:.STOXX50/EUR/2025-07-12/3800/P,83.39293672
2024-03-05,EQUITY_OPTION/PRICE/RIC:.STOXX50/EUR/2025-07-12/3900/C,787.38983822
2024-03-05,EQUITY_OPTION/PRICE/RIC:.STOXX50/EUR/2025-07-12/3900/P,96.81667647
2024-03-05,EQUITY_OPTION/PRICE/RIC:.STOXX50/EUR/2025-07-12/4000/C,709.42466931
2024-03-05,EQUITY_OPTION/PRICE/RIC:.STOXX50/EUR/2025-07-12/4000/P,110.89755886
2024-03-05,EQUITY_OPTION/PRICE/RIC:.STOXX50/EUR/2025-07-12/4100/C,627.37281688
2024-03-05,EQUITY_OPTION/PRICE/RIC:.STOXX50/EUR/2025-07-12/4100/P,128.97414488
2024-03-05,EQUITY_OPTION/PRICE/RIC:.STOXX50/EUR/2025-07-12/4200/C,548.39265107
2024-03-05,EQUITY_OPTION/PRICE/RIC:.STOXX50/EUR/2025-07-12/4200/P,148.82633224
2024-03-05,EQUITY_OPTION/PRICE/RIC:.STOXX50/EUR/2025-07-12/4300/C,475.98632037
2024-03-05,EQUITY_OPTION/PRICE/RIC:.STOXX50/EUR/2025-07-12/4300/P,172.32134434
2024-03-05,EQUITY_OPTION/PRICE/RIC:.STOXX50/EUR/2025-07-12/4400/C,406.11281004
2024-03-05,EQUITY_OPTION/PRICE/RIC:.STOXX50/EUR/2025-07-12/4400/P,201.15708415
2024-03-05,EQUITY_OPTION/PRICE/RIC:.STOXX50/EUR/2025-07-12/4500/C,340.91792702
2024-03-05,EQUITY_OPTION/PRICE/RIC:.STOXX50/EUR/2025-07-12/4500/P,234.20110207
2024-03-05,EQUITY_OPTION/PRICE/RIC:.STOXX50/EUR/2025-07-12/4600/C,283.23486404
2024-03-05,EQUITY_OPTION/PRICE/RIC:.STOXX50/EUR/2025-07-12/4600/P,271.98636578
2024-03-05,EQUITY_OPTION/PRICE/RIC:.STOXX50/EUR/2025-07-12/4700/C,229.40318503
2024-03-05,EQUITY_OPTION/PRICE/RIC:.STOXX50/EUR/2025-07-12/4700/P,315.25516295
2024-03-05,EQUITY_OPTION/PRICE/RIC:.STOXX50/EUR/2025-07-12/4800/C,182.11002835
2024-03-05,EQUITY_OPTION/PRICE/RIC:.STOXX50/EUR/2025-07-12/4800/P,367.15631033
2024-03-05,EQUITY_OPTION/PRICE/RIC:.STOXX50/EUR/2025-07-12/4900/C,143.26658715
2024-03-05,EQUITY_OPTION/PRICE/RIC:.STOXX50/EUR/2025-07-12/4900/P,424.90470462
2024-03-05,EQUITY_OPTION/PRICE/RIC:.STOXX50/EUR/2025-07-12/5000/C,109.70478334
2024-03-05,EQUITY_OPTION/PRICE/RIC:.STOXX50/EUR/2025-07-12/5000/P,487.91817882
2024-03-05,EQUITY_OPTION/PRICE/RIC:.STOXX50/EUR/2025-07-12/5100/C,83.41047597
2024-03-05,EQUITY_OPTION/PRICE/RIC:.STOXX50/EUR/2025-07-12/5100/P,559.35583284
2024-03-05,EQUITY_OPTION/PRICE/RIC:.STOXX50/EUR/2026-01-10/2900/C,1690.26706075
2024-03-05,EQUITY_OPTION/PRICE/RIC:.STOXX50/EUR/2026-01-10/2900/P,39.01207583
2024-03-05,EQUITY_OPTION/PRICE/RIC:.STOXX50/EUR/2026-01-10/3000/C,1601.65193232
2024-03-05,EQUITY_OPTION/PRICE/RIC:.STOXX50/EUR/2026-01-10/3000/P,43.60577363
2024-03-05,EQUITY_OPTION/PRICE/RIC:.STOXX50/EUR/2026-01-10/3100/C,1509.63611323
2024-03-05,EQUITY_OPTION/PRICE/RIC:.STOXX50/EUR/2026-01-10/3100/P,48.66920797
2024-03-05,EQUITY_OPTION/PRICE/RIC:.STOXX50/EUR/2026-01-10/3200/C,1412.31557896
2024-03-05,EQUITY_OPTION/PRICE/RIC:.STOXX50/EUR/2026-01-10/3200/P,54.04593479
2024-03-05,EQUITY_OPTION/PRICE/RIC:.STOXX50/EUR/2026-01-10/3300/C,1327.08008917
2024-03-05,EQUITY_OPTION/PRICE/RIC:.STOXX50/EUR/2026-01-10/3300/P,61.04315529
2024-03-05,EQUITY_OPTION/PRICE/RIC:.STOXX50/EUR/2026-01-10/3400/C,1245.11404514
2024-03-05,EQUITY_OPTION/PRICE/RIC:.STOXX50/EUR/2026-01-10/3400/P,67.96076800
2024-03-05,EQUITY_OPTION/PRICE/RIC:.STOXX50/EUR/2026-01-10/3500/C,1152.58584056
2024-03-05,EQUITY_OPTION/PRICE/RIC:.STOXX50/EUR/2026-01-10/3500/P,76.77995843
2024-03-05,EQUITY_OPTION/PRICE/RIC:.STOXX50/EUR/2026-01-10/3600/C,1061.53963400
2024-03-05,EQUITY_OPTION/PRICE/RIC:.STOXX50/EUR/2026-01-10/3600/P,86.45247370
2024-03-05,EQUITY_OPTION/PRICE/RIC:.STOXX50/EUR/2026-01-10/3700/C,978.87500083
2024-03-05,EQUITY_OPTION/PRICE/RIC:.STOXX50/EUR/2026-01-10/3700/P,97.70192796
2024-03-05,EQUITY_OPTION/PRICE/RIC:.STOXX50/EUR/2026-01-10/3800/C,901.61217560
2024-03-05,EQUITY_OPTION/PRICE/RIC:.STOXX50/EUR/2026-01-10/3800/P,111.41992723
2024-03-05,EQUITY_OPTION/PRICE/RIC:.STOXX50/EUR/2026-01-10/3900/C,814.71138571
2024-03-05,EQUITY_OPTION/PRICE/RIC:.STOXX50/EUR/2026-01-10/3900/P,125.72401577
2024-03-05,EQUITY_OPTION/PRICE/RIC:.STOXX50/EUR/2026-01-10/4000/C,735.79707191
2024-03-05,EQUITY_OPTION/PRICE/RIC:.STOXX50/EUR/2026-01-10/4000/P,143.86216682
2024-03-05,EQUITY_OPTION/PRICE/RIC:.STOXX50/EUR/2026-01-10/4100/C,658.25371784
2024-03-05,EQUITY_OPTION/PRICE/RIC:.STOXX50/EUR/2026-01-10/4100/P,163.89456254
2024-03-05,EQUITY_OPTION/PRICE/RIC:.STOXX50/EUR/2026-01-10/4200/C,587.04304945
2024-03-05,EQUITY_OPTION/PRICE/RIC:.STOXX50/EUR/2026-01-10/4200/P,185.49273980
2024-03-05,EQUITY_OPTION/PRICE/RIC:.STOXX50/EUR/2026-01-10/4300/C,516.90175181
2024-03-05,EQUITY_OPTION/PRICE/RIC:.STOXX50/EUR/2026-01-10/4300/P,213.18971696
2024-03-05,EQUITY_OPTION/PRICE/RIC:.STOXX50/EUR/2026-01-10/4400/C,451.41131964
2024-03-05,EQUITY_OPTION/PRICE/RIC:.STOXX50/EUR/2026-01-10/4400/P,240.99589873
2024-03-05,EQUITY_OPTION/PRICE/RIC:.STOXX50/EUR/2026-01-10/4500/C,387.87005204
2024-03-05,EQUITY_OPTION/PRICE/RIC:.STOXX50/EUR/2026-01-10/4500/P,274.44601137
2024-03-05,EQUITY_OPTION/PRICE/RIC:.STOXX50/EUR/2026-01-10/4600/C,328.65375430
2024-03-05,EQUITY_OPTION/PRICE/RIC:.STOXX50/EUR/2026-01-10/4600/P,313.64030197
2024-03-05,EQUITY_OPTION/PRICE/RIC:.STOXX50/EUR/2026-01-10/4700/C,277.89683033
2024-03-05,EQUITY_OPTION/PRICE/RIC:.STOXX50/EUR/2026-01-10/4700/P,356.71343528
2024-03-05,EQUITY_OPTION/PRICE/RIC:.STOXX50/EUR/2026-01-10/4800/C,230.09621078
2024-03-05,EQUITY_OPTION/PRICE/RIC:.STOXX50/EUR/2026-01-10/4800/P,404.82672123
2024-03-05,EQUITY_OPTION/PRICE/RIC:.STOXX50/EUR/2026-01-10/4900/C,187.06450937
2024-03-05,EQUITY_OPTION/PRICE/RIC:.STOXX50/EUR/2026-01-10/4900/P,461.13932331
2024-03-05,EQUITY_OPTION/PRICE/RIC:.STOXX50/EUR/2026-01-10/5000/C,151.95095938
2024-03-05,EQUITY_OPTION/PRICE/RIC:.STOXX50/EUR/2026-01-10/5000/P,519.02316743
2024-03-05,EQUITY_OPTION/PRICE/RIC:.STOXX50/EUR/2026-01-10/5100/C,121.87792265
2024-03-05,EQUITY_OPTION/PRICE/RIC:.STOXX50/EUR/2026-01-10/5100/P,586.43716038
2024-03-05,EQUITY_OPTION/PRICE/RIC:.STOXX50/EUR/2026-07-11/3800/C,872.97042063
2024-03-05,EQUITY_OPTION/PRICE/RIC:.STOXX50/EUR/2026-07-11/3800/P,146.91657830
2024-03-05,EQUITY_OPTION/PRICE/RIC:.STOXX50/EUR/2026-07-11/3900/C,797.48506359
2024-03-05,EQUITY_OPTION/PRICE/RIC:.STOXX50/EUR/2026-07-11/3900/P,165.14474597
2024-03-05,EQUITY_OPTION/PRICE/RIC:.STOXX50/EUR/2026-07-11/4000/C,719.88920215
2024-03-05,EQUITY_OPTION/PRICE/RIC:.STOXX50/EUR/2026-07-11/4000/P,186.71952026
2024-03-05,EQUITY_OPTION/PRICE/RIC:.STOXX50/EUR/2026-07-11/4100/C,644.88730410
2024-03-05,EQUITY_OPTION/PRICE/RIC:.STOXX50/EUR/2026-07-11/4100/P,209.34307943
2024-03-05,EQUITY_OPTION/PRICE/RIC:.STOXX50/EUR/2026-07-11/4200/C,579.17376605
2024-03-05,EQUITY_OPTION/PRICE/RIC:.STOXX50/EUR/2026-07-11/4200/P,236.40071886
2024-03-05,EQUITY_OPTION/PRICE/RIC:.STOXX50/EUR/2026-07-11/4300/C,513.68689414
2024-03-05,EQUITY_OPTION/PRICE/RIC:.STOXX50/EUR/2026-07-11/4300/P,264.37326212
2024-03-05,EQUITY_OPTION/PRICE/RIC:.STOXX50/EUR/2026-07-11/4400/C,447.96819932
2024-03-05,EQUITY_OPTION/PRICE/RIC:.STOXX50/EUR/2026-07-11/4400/P,298.44485943
2024-03-05,EQUITY_OPTION/PRICE/RIC:.STOXX50/EUR/2026-07-11/4500/C,389.54460552
2024-03-05,EQUITY_OPTION/PRICE/RIC:.STOXX50/EUR/2026-07-11/4500/P,332.71899194
2024-03-05,EQUITY_OPTION/PRICE/RIC:.STOXX50/EUR/2026-07-11/4600/C,335.19286396
2024-03-05,EQUITY_OPTION/PRICE/RIC:.STOXX50/EUR/2026-07-11/4600/P,375.94314404
2024-03-05,EQUITY_OPTION/PRICE/RIC:.STOXX50/EUR/2026-07-11/4700/C,287.29585739
2024-03-05,EQUITY_OPTION/PRICE/RIC:.STOXX50/EUR/2026-07-11/4700/P,422.21549883
2024-03-05,EQUITY_OPTION/PRICE/RIC:.STOXX50/EUR/2026-07-11/4800/C,241.79798685
2024-03-05,EQUITY_OPTION/PRICE/RIC:.STOXX50/EUR/2026-07-11/4800/P,469.32247016
2024-03-05,EQUITY_OPTION/PRICE/RIC:.STOXX50/EUR/2026-07-11/4900/C,203.53920590
2024-03-05,EQUITY_OPTION/PRICE/RIC:.STOXX50/EUR/2026-07-11/4900/P,525.56126530
2024-03-05,EQUITY_OPTION/PRICE/RIC:.STOXX50/EUR/2026-07-11/5000/C,167.75371403
2024-03-05,EQUITY_OPTION/PRICE/RIC:.STOXX50/EUR/2026-07-11/5000/P,588.46764789
2024-03-05,EQUITY_OPTION/PRICE/RIC:.STOXX50/EUR/2026-07-11/5100/C,138.06672595
2024-03-05,EQUITY_OPTION/PRICE/RIC:.STOXX50/EUR/2026-07-11/5100/P,653.17466621
2024-03-05,EQUITY_OPTION/PRICE/RIC:.STOXX50/EUR/2027-01-09/3300/C,1294.20050705
2024-03-05,EQUITY_OPTION/PRICE/RIC:.STOXX50/EUR/2027-01-09/3300/P,100.53773581
2024-03-05,EQUITY_OPTION/PRICE/RIC:.STOXX50/EUR/2027-01-09/3400/C,1209.39594149
2024-03-05,EQUITY_OPTION/PRICE/RIC:.STOXX50/EUR/2027-01-09/3400/P,111.88928950
2024-03-05,EQUITY_OPTION/PRICE/RIC:.STOXX50/EUR/2027-01-09/3500/C,1128.46848128
2024-03-05,EQUITY_OPTION/PRICE/RIC:.STOXX50/EUR/2027-01-09/3500/P,124.78575560
2024-03-05,EQUITY_OPTION/PRICE/RIC:.STOXX50/EUR/2027-01-09/3600/C,1050.12858263
2024-03-05,EQUITY_OPTION/PRICE/RIC:.STOXX50/EUR/2027-01-09/3600/P,138.81495951
2024-03-05,EQUITY_OPTION/PRICE/RIC:.STOXX50/EUR/2027-01-09/3700/C,968.98875149
2024-03-05,EQUITY_OPTION/PRICE/RIC:.STOXX50/EUR/2027-01-09/3700/P,153.84243453
2024-03-05,EQUITY_OPTION/PRICE/RIC:.STOXX50/EUR/2027-01-09/3800/C,888.94057618
2024-03-05,EQUITY_OPTION/PRICE/RIC:.STOXX50/EUR/2027-01-09/3800/P,172.22557056
2024-03-05,EQUITY_OPTION/PRICE/RIC:.STOXX50/EUR/2027-01-09/3900/C,812.78834716
2024-03-05,EQUITY_OPTION/PRICE/RIC:.STOXX50/EUR/2027-01-09/3900/P,191.42010365
2024-03-05,EQUITY_OPTION/PRICE/RIC:.STOXX50/EUR/2027-01-09/4000/C,744.15051657
2024-03-05,EQUITY_OPTION/PRICE/RIC:.STOXX50/EUR/2027-01-09/4000/P,213.69884154
2024-03-05,EQUITY_OPTION/PRICE/RIC:.STOXX50/EUR/2027-01-09/4100/C,672.55987506
2024-03-05,EQUITY_OPTION/PRICE/RIC:.STOXX50/EUR/2027-01-09/4100/P,238.77154345
2024-03-05,EQUITY_OPTION/PRICE/RIC:.STOXX50/EUR/2027-01-09/4200/C,609.06878768
2024-03-05,EQUITY_OPTION/PRICE/RIC:.STOXX50/EUR/2027-01-09/4200/P,266.03233935
2024-03-05,EQUITY_OPTION/PRICE/RIC:.STOXX50/EUR/2027-01-09/4300/C,540.04903682
2024-03-05,EQUITY_OPTION/PRICE/RIC:.STOXX50/EUR/2027-01-09/4300/P,296.13701416
2024-03-05,EQUITY_OPTION/PRICE/RIC:.STOXX50/EUR/2027-01-09/4400/C,479.47621931
2024-03-05,EQUITY_OPTION/PRICE/RIC:.STOXX50/EUR/2027-01-09/4400/P,330.32485222
2024-03-05,EQUITY_OPTION/PRICE/RIC:.STOXX50/EUR/2027-01-09/4500/C,422.14887776
2024-03-05,EQUITY_OPTION/PRICE/RIC:.STOXX50/EUR/2027-01-09/4500/P,366.05937126
2024-03-05,EQUITY_OPTION/PRICE/RIC:.STOXX50/EUR/2027-01-09/4600/C,372.11702313
2024-03-05,EQUITY_OPTION/PRICE/RIC:.STOXX50/EUR/2027-01-09/4600/P,407.49699782
2024-03-05,EQUITY_OPTION/PRICE/RIC:.STOXX50/EUR/2027-01-09/4700/C,319.98573938
2024-03-05,EQUITY_OPTION/PRICE/RIC:.STOXX50/EUR/2027-01-09/4700/P,452.67644311
2024-03-05,EQUITY_OPTION/PRICE/RIC:.STOXX50/EUR/2027-01-09/4800/C,275.19651421
2024-03-05,EQUITY_OPTION/PRICE/RIC:.STOXX50/EUR/2027-01-09/4800/P,498.52349744
2024-03-05,EQUITY_OPTION/PRICE/RIC:.STOXX50/EUR/2027-01-09/4900/C,236.74816951
2024-03-05,EQUITY_OPTION/PRICE/RIC:.STOXX50/EUR/2027-01-09/4900/P,552.18724415
2024-03-05,EQUITY_OPTION/PRICE/RIC:.STOXX50/EUR/2027-01-09/5000/C,199.81128917
2024-03-05,EQUITY_OPTION/PRICE/RIC:.STOXX50/EUR/2027-01-09/5000/P,616.44918670
2024-03-05,EQUITY_OPTION/PRICE/RIC:.STOXX50/EUR/2027-01-09/5100/C,168.30574760
2024-03-05,EQUITY_OPTION/PRICE/RIC:.STOXX50/EUR/2027-01-09/5100/P,676.33377453
2024-03-05,EQUITY_OPTION/PRICE/RIC:.STOXX50/EUR/2028-01-08/3600/C,1050.21635048
2024-03-05,EQUITY_OPTION/PRICE/RIC:.STOXX50/EUR/2028-01-08/3600/P,186.92522262
2024-03-05,EQUITY_OPTION/PRICE/RIC:.STOXX50/EUR/2028-01-08/3700/C,974.01092595
2024-03-05,EQUITY_OPTION/PRICE/RIC:.STOXX50/EUR/2028-01-08/3700/P,205.43447000
2024-03-05,EQUITY_OPTION/PRICE/RIC:.STOXX50/EUR/2028-01-08/3800/C,905.53648788
2024-03-05,EQUITY_OPTION/PRICE/RIC:.STOXX50/EUR/2028-01-08/3800/P,225.47943629
2024-03-05,EQUITY_OPTION/PRICE/RIC:.STOXX50/EUR/2028-01-08/3900/C,835.36958107
2024-03-05,EQUITY_OPTION/PRICE/RIC:.STOXX50/EUR/2028-01-08/3900/P,249.19649367
2024-03-05,EQUITY_OPTION/PRICE/RIC:.STOXX50/EUR/2028-01-08/4000/C,764.84507102
2024-03-05,EQUITY_OPTION/PRICE/RIC:.STOXX50/EUR/2028-01-08/4000/P,274.04091583
2024-03-05,EQUITY_OPTION/PRICE/RIC:.STOXX50/EUR/2028-01-08/4100/C,698.50285410
2024-03-05,EQUITY_OPTION/PRICE/RIC:.STOXX50/EUR/2028-01-08/4100/P,298.82516204
2024-03-05,EQUITY_OPTION/PRICE/RIC:.STOXX50/EUR/2028-01-08/4200/C,636.93272336
2024-03-05,EQUITY_OPTION/PRICE/RIC:.STOXX50/EUR/2028-01-08/4200/P,328.39082664
2024-03-05,EQUITY_OPTION/PRICE/RIC:.STOXX50/EUR/2028-01-08/4300/C,579.00636975
2024-03-05,EQUITY_OPTION/PRICE/RIC:.STOXX50/EUR/2028-01-08/4300/P,362.87028320
2024-03-05,EQUITY_OPTION/PRICE/RIC:.STOXX50/EUR/2028-01-08/4400/C,521.23391499
2024-03-05,EQUITY_OPTION/PRICE/RIC:.STOXX50/EUR/2028-01-08/4400/P,397.59368890
2024-03-05,EQUITY_OPTION/PRICE/RIC:.STOXX50/EUR/2028-01-08/4500/C,463.39577379
2024-03-05,EQUITY_OPTION/PRICE/RIC:.STOXX50/EUR/2028-01-08/4500/P,435.10930578
2024-03-05,EQUITY_OPTION/PRICE/RIC:.STOXX50/EUR/2028-01-08/4600/C,413.96987786
2024-03-05,EQUITY_OPTION/PRICE/RIC:.STOXX50/EUR/2028-01-08/4600/P,478.03811005
2024-03-05,EQUITY_OPTION/PRICE/RIC:.STOXX50/EUR/2028-01-08/4700/C,365.96401851
2024-03-05,EQUITY_OPTION/PRICE/RIC:.STOXX50/EUR/2028-01-08/4700/P,519.98687015
2024-03-05,EQUITY_OPTION/PRICE/RIC:.STOXX50/EUR/2028-01-08/4800/C,322.39668087
2024-03-05,EQUITY_OPTION/PRICE/RIC:.STOXX50/EUR/2028-01-08/4800/P,569.72081074
2024-03-05,EQUITY_OPTION/PRICE/RIC:.STOXX50/EUR/2028-01-08/4900/C,283.91518617
2024-03-05,EQUITY_OPTION/PRICE/RIC:.STOXX50/EUR/2028-01-08/4900/P,620.35276081
2024-03-05,EQUITY_OPTION/PRICE/RIC:.STOXX50/EUR/2028-01-08/5000/C,247.68814878
2024-03-05,EQUITY_OPTION/PRICE/RIC:.STOXX50/EUR/2028-01-08/5000/P,677.97746689
2024-03-05,EQUITY_OPTION/PRICE/RIC:.STOXX50/EUR/2028-01-08/5100/C,216.18930959
2024-03-05,EQUITY_OPTION/PRICE/RIC:.STOXX50/EUR/2028-01-08/5100/P,740.37186462
2024-03-05,EQUITY_OPTION/PRICE/RIC:.STOXX50/EUR/2029-01-13/3900/C,935.76070252
2024-03-05,EQUITY_OPTION/PRICE/RIC:.STOXX50/EUR/2029-01-13/3900/P,265.77847696
2024-03-05,EQUITY_OPTION/PRICE/RIC:.STOXX50/EUR/2029-01-13/4000/C,867.32311819
2024-03-05,EQUITY_OPTION/PRICE/RIC:.STOXX50/EUR/2029-01-13/4000/P,291.85924981
2024-03-05,EQUITY_OPTION/PRICE/RIC:.STOXX50/EUR/2029-01-13/4100/C,805.27548443
2024-03-05,EQUITY_OPTION/PRICE/RIC:.STOXX50/EUR/2029-01-13/4100/P,316.46979953
2024-03-05,EQUITY_OPTION/PRICE/RIC:.STOXX50/EUR/2029-01-13/4200/C,743.58599646
2024-03-05,EQUITY_OPTION/PRICE/RIC:.STOXX50/EUR/2029-01-13/4200/P,345.38147310
2024-03-05,EQUITY_OPTION/PRICE/RIC:.STOXX50/EUR/2029-01-13/4300/C,678.67164710
2024-03-05,EQUITY_OPTION/PRICE/RIC:.STOXX50/EUR/2029-01-13/4300/P,375.36805282
2024-03-05,EQUITY_OPTION/PRICE/RIC:.STOXX50/EUR/2029-01-13/4400/C,620.31546169
2024-03-05,EQUITY_OPTION/PRICE/RIC:.STOXX50/EUR/2029-01-13/4400/P,409.93624116
2024-03-05,EQUITY_OPTION/PRICE/RIC:.STOXX50/EUR/2029-01-13/4500/C,569.21860264
2024-03-05,EQUITY_OPTION/PRICE/RIC:.STOXX50/EUR/2029-01-13/4500/P,443.84887625
2024-03-05,EQUITY_OPTION/PRICE/RIC:.STOXX50/EUR/2029-01-13/4600/C,518.27604336
2024-03-05,EQUITY_OPTION/PRICE/RIC:.STOXX50/EUR/2029-01-13/4600/P,482.74722592
2024-03-05,EQUITY_OPTION/PRICE/RIC:.STOXX50/EUR/2029-01-13/4700/C,466.17823359
2024-03-05,EQUITY_OPTION/PRICE/RIC:.STOXX50/EUR/2029-01-13/4700/P,525.45678958
2024-03-05,EQUITY_OPTION/PRICE/RIC:.STOXX50/EUR/2029-01-13/4800/C,418.63282772
2024-03-05,EQUITY_OPTION/PRICE/RIC:.STOXX50/EUR/2029-01-13/4800/P,569.36320965
2024-03-05,EQUITY_OPTION/PRICE/RIC:.STOXX50/EUR/2029-01-13/4900/C,378.70019795
2024-03-05,EQUITY_OPTION/PRICE/RIC:.STOXX50/EUR/2029-01-13/4900/P,616.88077650
2024-03-05,EQUITY_OPTION/PRICE/RIC:.STOXX50/EUR/2029-01-13/5000/C,338.69767858
2024-03-05,EQUITY_OPTION/PRICE/RIC:.STOXX50/EUR/2029-01-13/5000/P,667.10148579
2024-03-05,EQUITY_OPTION/PRICE/RIC:.STOXX50/EUR/2029-01-13/5100/C,302.73407740
2024-03-05,EQUITY_OPTION/PRICE/RIC:.STOXX50/EUR/2029-01-13/5100/P,717.20671080  